IN	SPEAKER	TRANSCRIPT
00:00:01.038	SPEAKER_02	Jetzt müsste es aufnehmen.
00:00:04.019	SPEAKER_02	Danke Volker, dass du gekommen bist, nachdem wir ja mehrere Anläufe gemacht haben.
00:00:10.420	SPEAKER_02	Es geht um die 70er, 80er Jahre in Münster, um die Auseinandersetzung um die Frauenstraße, um das studentische Leben an der Uni,
00:00:20.123	SPEAKER_02	aber auch die Auseinandersetzungen dort und was im Grunde genommen in die Stadt hinein wirkte.
00:00:27.364	SPEAKER_02	Aber zunächst möchte ich deine ganz persönliche Geschichte hören.
00:00:33.189	SPEAKER_02	Wie und wo bist du aufgewachsen?
00:00:35.530	SPEAKER_02	Wie bist du nach Münster gekommen?
00:00:37.429	SPEAKER_02	Ja, und dann im Grunde genommen, wie ging es dann im Studium weiter und wie bist du dann auch in Kontakt mit der Frauenstraße gekommen?
00:00:45.874	SPEAKER_00	Oh, ist aber schon eine lange Geschichte bis dahin.
00:00:50.676	SPEAKER_00	Ja.
00:00:50.936	SPEAKER_00	Ja, ich kann einmal mit lebensgeschichtlichen Sachen anfangen, wobei, wenn ich zu ausführlich werde, musst du Bescheid sagen.
00:00:55.738	SPEAKER_00	Ja.
00:00:57.313	SPEAKER_00	Also ich bin in Oberhausen im Ruhrgebiet geboren und da auch aufgewachsen, bis ich 19 war.
00:01:06.635	SPEAKER_00	Wann bist du geboren?
00:01:11.597	SPEAKER_XX	1957, 6.12.1957.
00:01:11.638	SPEAKER_00	So als Sandwich-Kind, als Mittleres von drei Kindern.
00:01:17.859	SPEAKER_00	Hab da die damalige Volksschule, hieß das noch, was heute Grundschule heißt, gemacht.
00:01:24.243	SPEAKER_00	Bin dann aufs Gymnasium gewechselt, habe da die neun Jahre durchgemacht und dann Abi gemacht.
00:01:30.128	SPEAKER_00	Und habe dann 15 Jahre Bundeswehr gemacht, wo ich irgendwie im Nachhinein nicht mehr so ganz zufrieden mit war.
00:01:40.596	SPEAKER_00	Da habe ich auch ziemlich dran gewartet.
00:01:42.522	SPEAKER_00	Daran gedreht, im Nachhinein, kann ich da noch im Nachhinein verweigern oder nicht.
00:01:47.426	SPEAKER_02	15 Jahre?
00:01:49.206	SPEAKER_00	Monate.
00:01:49.947	SPEAKER_00	15 Monate, ja.
00:01:51.108	SPEAKER_00	Nee, 15 Monate, sorry.
00:01:55.811	SPEAKER_00	Und hatte dann danach so die Idee, ich hatte mit ein, zwei Schulfreunden aus der Oberstufe immer so die Idee, Wir wollen irgendwie weit weg von Oberhausen.
00:02:10.580	SPEAKER_00	Ich wollte nicht in Duisburg, nicht in Essen, nicht in Bochum studieren.
00:02:13.383	SPEAKER_00	Ich wollte irgendwie so ein bisschen so weit weg, dass ich nicht in Oberhausen wohnen bleiben muss.
00:02:18.447	SPEAKER_00	Dass ich ein gutes Alibi habe, da auch wegzukommen.
00:02:21.930	SPEAKER_00	Und so mit zwei, drei Freunden hatten wir so am Ende der Schule immer so die Fantasie, wir studieren in Münster und dann mieten wir uns da einen Kotten,
00:02:30.144	SPEAKER_00	wie man das so denkt als 16-, 17-, 18-Jähriger.
00:02:34.961	SPEAKER_00	Und von diesem Trupp war ich aber dann am Ende der Einzige, der übergeblieben ist, der nach Münster zum Studieren wollte.
00:02:43.002	SPEAKER_00	Und was für mich relativ früh in den letzten Schuljahren klar war, dass ich Psychologie studieren wollte, habe dann auch mich dann nach der Bundeswehr für Psychologie beworben in Münster.
00:02:59.306	SPEAKER_02	Wie bist du auf Psychologie gekommen?
00:03:04.637	SPEAKER_00	Ich hatte ich glaube so in der Mittelstufe so den Dreh rum mal so die Idee Lehrer werden zu wollen wo ich nicht genau weiß wie ich da drauf gekommen bin ich habe so im Nachhinein immer so den Eindruck meine Mutter wollte Lehrerin werden und hat das aber nicht gekonnt weil als sie die Ausbildung hätte anfangen sollen kurz nach dem Krieg war ihr Vater gerade gestorben Und dann ging das finanziell nicht mehr,
00:03:32.505	SPEAKER_00	dann hat sie eine Ausbildung gemacht.
00:03:35.115	SPEAKER_02	Aber die hatte Abitur und war im Grunde genommen... Brauchte man damals gar nicht.
00:03:38.156	SPEAKER_00	Ach so.
00:03:38.756	SPEAKER_00	Das war, glaube ich, damals noch eine nicht-akademische Ausbildung.
00:03:41.576	SPEAKER_00	Zumindest hörte sich das immer so an, als wenn das bis dahin bei ihr im Kopf so geplant gewesen wäre, dass es so eine leere Ausbildungsakademieschule gab.
00:03:54.038	SPEAKER_00	Was aber wohl irgendwie Geld gekostet hätte und dann ging das aber nicht mehr und dann hat sie eine Ausbildung zur Schneiderin gemacht.
00:04:00.986	SPEAKER_00	Und ich hatte immer so ein bisschen den Eindruck, dass so dieses Lehrerwerdenwollen sowas ist, was auch irgendwie so bei uns,
00:04:08.533	SPEAKER_00	zumindest bei mir und meiner Schwester ankam.
00:04:11.349	SPEAKER_00	Und dann bei mir so die Idee war ja Lehrerwerden.
00:04:14.770	SPEAKER_02	Bist du der Älteste?
00:04:15.811	SPEAKER_00	Nein, der Mittlere von den drei.
00:04:18.771	SPEAKER_00	Mein älterer Bruder, der ist ein Dreivierteljahr älter als ich und meine Schwester ist so knappe vier Jahre jünger als ich.
00:04:30.040	SPEAKER_00	Und dann Und hatte sich mein Bruder zwischendurch mal irgendwie so ein bisschen für Psychologie interessiert, hat er dann auch mal von meinen Eltern so ein populärwissenschaftliches Psychologiebuchgeschenk gekriegt.
00:04:45.855	SPEAKER_00	Und da habe ich mich so ein bisschen reingefixt.
00:04:48.677	SPEAKER_00	Und dann habe ich gedacht, das ist doch auch ein spannendes Thema.
00:04:51.920	SPEAKER_00	Wobei ich nicht so ganz genau weiß, was ich da spannend dran fand im Nachhinein.
00:04:56.223	SPEAKER_00	Ich weiß, dass ich das Studium angefangen habe mit der festen Vorstellung, du machst was Richtung Kinderpsychologie, du kümmerst dich so um Kinder.
00:05:06.629	SPEAKER_00	Aber ich weiß nicht so ganz genau, was mich so daran interessiert hat.
00:05:11.853	SPEAKER_00	Ich glaube, dass ich im Nachhinein relativ früh ganz gut da drin war, mich in Leute reinzuversetzen.
00:05:19.819	SPEAKER_00	Und dachte, das ist so was, wo ich das dann nutzen kann.
00:05:23.923	SPEAKER_02	Und dein Bruder ist auch nicht Psychologe geworden?
00:05:26.024	SPEAKER_00	Nee, der hat so was von die Oberstufe verratzt gemacht.
00:05:31.629	SPEAKER_00	Dass der nach der 11. Klasse da abgegangen ist und dann eher so Steuerfachmann gemacht hat.
00:05:36.190	SPEAKER_00	Meine Schwester ist dann Lehrerin geworden, wo ich dann dachte, die hat wirklich so ein bisschen so diese, glaube ich, diese Erwartungshaltung meiner Mutter ziemlich verinnerlicht gehabt und war auch immer schon so die einzige Tochter und ich glaube,
00:05:48.851	SPEAKER_00	ich hätte auch schon eine Tochter werden sollen und die hat das, glaube ich, so ein bisschen so diese Rolle eingenommen.
00:05:55.819	SPEAKER_00	So von endlich die Tochter und dann wird da auch viel so Erwartungshaltung reingehängt.
00:06:00.362	SPEAKER_00	Zumindest habe ich immer so den Eindruck, hat meine Schwester das sehr so wahrgenommen und dann noch ein bisschen so umgesetzt.
00:06:06.228	SPEAKER_02	Und dein Vater?
00:06:07.869	SPEAKER_00	Der war Bergmann.
00:06:11.372	SPEAKER_00	Kommt eigentlich aus der Pfalz und hat seine Familie dann auf der Schwäbischen Alb gewohnt und ist dann, weil es da unten bergmannmäßig nichts mehr zu tun gab,
00:06:21.454	SPEAKER_00	ist er dann ins Ruhrgebiet gekommen.
00:06:24.766	SPEAKER_00	Also das war schon so, ich glaube so von meiner Familie her sehr so, ja eher so, also Arbeiterschicht stimmt nicht so ganz.
00:06:34.550	SPEAKER_00	Also ich glaube, dass mein Vater aus der Arbeiterschicht kam.
00:06:38.084	SPEAKER_00	Meine Mutter eigentlich auch, aber dass die beide so den Ehrgeiz hatten, wir arbeiten und so nach oben.
00:06:43.990	SPEAKER_00	Das hat auch ein bisschen unsere familiäre Atmosphäre immer geprägt.
00:06:49.137	SPEAKER_00	Wir versuchen, was Besseres zu sein, was Besseres zu werden.
00:06:52.360	SPEAKER_00	Wir versuchen, uns da hochzuarbeiten.
00:06:55.064	SPEAKER_00	Mein Vater hat sich dann auch so im Bergbau in Oberhausen zu leitenden, angestellten Positionen hochgearbeitet.
00:07:06.389	SPEAKER_00	Das war immer so ein bisschen die Systemregel, glaube ich, in der Familie.
00:07:11.934	SPEAKER_00	Wir gucken, dass wir uns ein bisschen hocharbeiten.
00:07:19.889	SPEAKER_00	Aber so ein bisschen diesen Ehrgeiz zu lernen und Ehrgeiz, die Kinder sollen in der Schule möglichst gut sein, sollen möglichst viele gute Noten bringen,
00:07:31.039	SPEAKER_00	das hat sehr meine Mutter so vorgelebt und reingebracht und uns immer bei den Aufgaben geholfen oder dahinter gesessen und Druck gemacht, fand ich immer viel.
00:07:44.867	SPEAKER_00	Und da war mein Vater ziemlich außen vor.
00:07:49.033	SPEAKER_00	Der hat immer eher so nach den Noten geguckt und dann war gut.
00:07:53.396	SPEAKER_00	Was ich da gemacht habe in der Schule, das interessiert ihn glaube ich nicht so sehr und er hat mehr so nach den Ergebnissen geguckt.
00:08:03.593	SPEAKER_02	Und du bist dann zur Bundeswehr gegangen?
00:08:06.615	SPEAKER_00	So ein bisschen, ja, war ich irgendwie im Nachhinein nicht mehr so riesig stolz drauf.
00:08:13.000	SPEAKER_00	Ich hatte anfangs so gedacht, irgendwie hast du da gar keine Lust zu, du willst das gar nicht.
00:08:16.283	SPEAKER_00	Und verweigern war damals enorm aufwendig, was ich mir nicht zugetraut habe, das durchziehen zu können.
00:08:23.728	SPEAKER_00	So ein bisschen hatte ich auch ein bisschen taktisch überlegt, weil ich dachte, du weißt nicht, was du an Schnitt brauchst,
00:08:29.594	SPEAKER_00	um Psychologie studieren zu können.
00:08:31.372	SPEAKER_00	Und damals war die Regel so, dass du, ich glaube, irgendwie noch was von deinem Abischnitt abgezogen kriegst, wenn du bei der Bundeswehr gewesen bist,
00:08:40.440	SPEAKER_00	was im Nachhinein völliger Blödsinn war, weil ich das gar nicht gebraucht hätte.
00:08:45.398	SPEAKER_00	Aber das war schon irgendwie eine Erfahrung, wo ich im Nachhinein dachte, das hätte ich jetzt irgendwie nicht gebraucht.
00:08:51.408	SPEAKER_02	Aber die 15 Monate waren die Pflichtmonate, die du machen musstest?
00:08:54.668	SPEAKER_00	Ja, genau.
00:08:55.129	SPEAKER_00	Die hast du auch durchgezogen?
00:08:56.049	SPEAKER_00	Dieser sogenannte Grundwehrdienst, ja.
00:09:01.251	SPEAKER_00	Durchgezogen und durchgehalten, wenn man das so sagen will.
00:09:04.874	SPEAKER_02	Wo warst du da?
00:09:09.073	SPEAKER_00	Bei der Bundesmarine erst drei Monate in Eckernförde, dann drei Monate in Flensburg und dann neun Monate auf dem Schiff, was ziemlich durch die ganze Welt gefahren ist.
00:09:27.020	SPEAKER_00	Japan, Australien, Südsee und Indien und alles Mögliche.
00:09:30.942	SPEAKER_02	Doch eigentlich schön.
00:09:32.876	SPEAKER_00	Ja, so ein Running Gag auf dem Schiff war immer das nächste Mal, buche ich aber mit einer anderen Reisegesellschaft.
00:09:40.043	SPEAKER_00	Die Gegenden waren zum Teil ganz schön, wir waren in den Häfen, wo wir da waren, auch drei, vier Tage, manchmal zwei Tage,
00:09:48.676	SPEAKER_00	manchmal vier Tage.
00:09:51.032	SPEAKER_00	Und wenn das vier Tage waren, dann waren wir auch ein, zwei Tage so, dass wir auch an Land konnten, aber halt so, dass das auch nicht so richtig Spaß machte.
00:09:59.177	SPEAKER_00	Also immer irgendwie in einer Sorte Uniform und das war halt immer noch Bundeswehr, was wir da machten.
00:10:06.003	SPEAKER_00	Und das waren halt immer so zwei, drei Tage, die wir dann da in den Häfen hatten.
00:10:09.285	SPEAKER_00	Alles andere fand halt immer dann unter den ziemlich beengten Bundeswehrbedingungen auf diesem Schiff da statt.
00:10:20.114	SPEAKER_00	Ich glaube, das war schon was anderes, als wenn ich irgendwie, was weiß ich, dieser eine Freund vor allen Dingen, mit dem ich da mal Münster-Kotten geplant hatte,
00:10:30.245	SPEAKER_00	der war irgendwo beim Heer und ist dann irgendwie durch die Lüneburger Heide gerobbt.
00:10:35.644	SPEAKER_00	Wobei der hatte hinterher einen Bürojob und sagte, da wärst du irgendwie auch ganz nett und trocken und käme immer regelmäßig nach Hause.
00:10:42.168	SPEAKER_00	Ich glaube, der hatte das dann angenehmer.
00:10:45.490	SPEAKER_02	Und bei der Marine war das anstrengend?
00:10:47.995	SPEAKER_00	Ja, fand ich, ja.
00:10:49.756	SPEAKER_00	Also ich glaube, körperlich weniger anstrengend, als wenn ich irgendwie da beim Heer gewesen wäre, weil die haben jetzt nicht so viel so ausbildungsmäßig so dieses durch den Dreck robben und sowas gemacht.
00:11:03.946	SPEAKER_00	Aber anstrengend fand ich so dieses kaserniert sein und dieser ständige Kommandoton und dieses in jeglichen basalen Freiheiten eingeschränkt sein,
00:11:15.342	SPEAKER_00	das fand ich schon irgendwie ziemlich bedrückend und belästigend.
00:11:20.813	SPEAKER_00	Und das hat dich zum Nachdenken gebracht, dass du überlegt hast, ob du noch im Nachhinein... Ja, eine Zeit lang hatte ich in Münster,
00:11:30.808	SPEAKER_00	es gab von der KSG, gab es so Kurse, wo man sich auf die Möglichkeit, im Nachhinein zu verweigern, vorbereiten konnte.
00:11:39.791	SPEAKER_00	Also im Prinzip auf diese, ich weiß gar nicht, wie das sich damals nannte, diese...
00:11:49.259	SPEAKER_00	Prüfungsgespräche, die es da gab.
00:11:52.600	SPEAKER_00	Aber richtig zugetraut, das so durchzuziehen, habe ich mir da noch nicht.
00:11:57.121	SPEAKER_00	Und dann habe ich es auch irgendwann einfach sein gelassen und gedacht, so wichtig ist mir das jetzt nicht.
00:12:02.583	SPEAKER_02	Und du kamst dann auch ohne Probleme nach Münster an die Uni für Psychologie.
00:12:08.225	SPEAKER_00	Ja, genau.
00:12:08.986	SPEAKER_00	Und habe dann Wintersemester 78, 79 angefangen zu studieren mit dem Grundstudium.
00:12:19.587	SPEAKER_00	Bin dann relativ schnell, ja, Münster, die Psychologen waren immer ein ziemlich linker Fachbereich.
00:12:27.958	SPEAKER_00	Da gab es eigentlich immer nur den MSB Spartacus.
00:12:30.961	SPEAKER_00	Irgendwann gab es auch einen SHB, aber der ist erst gegründet worden, als ich so im dritten Semester war.
00:12:37.469	SPEAKER_00	Und Fachschaft und überhaupt so das politische Spektrum, da war immer irgendwie schon ziemlich links, das gehörte irgendwie so ein bisschen dazu,
00:12:44.859	SPEAKER_00	wo ich irgendwie ziemlich drin aufgegangen bin, relativ schnell.
00:12:48.211	SPEAKER_00	Also das fand ich, wurde so relativ leicht gemacht, wenn man da so Interesse für hatte.
00:12:55.594	SPEAKER_00	Und ich fand das interessant und spannend und so von den Inhalten her, sich so um Studienbedingungen zu kümmern und warum wird das immer weniger,
00:13:03.391	SPEAKER_00	was hier an Studieninhalten angeboten wird.
00:13:05.798	SPEAKER_00	Das war doch früher viel umfangreicher, viel praxisorientierter und es wird nichts über Berufsperspektive erzählt, warum gibt es sowas denn nicht und über solche Dinge.
00:13:16.623	SPEAKER_00	Da gab es dann so Erstsemesterinitiative, dann war ich relativ schnell in der Fachschaft und dann wurde sich um solche Dinge gekümmert und dann war ich da relativ schnell in einem linken Spektrum drin,
00:13:26.595	SPEAKER_00	in dem ich mich auch ziemlich wohl gefühlt habe.
00:13:29.067	SPEAKER_00	Und auch dann, ja, darüber halt auch, das war ja auch so ein bisschen eine soziale Subkultur, ganz viele Leute kennengelernt habe.
00:13:41.331	SPEAKER_00	Ich kannte auf einmal Hinz und Kunz und Leute aus meinem Semester ganz viel.
00:13:47.955	SPEAKER_00	Und aus anderen Semestern, über die Fachschaft habe ich halt ganz viele aus anderen Semestern kennengelernt, die dann so über,
00:13:54.798	SPEAKER_00	wie sich im Laufe der Zeit das Studium so verändert hatte, erzählt haben und sowas.
00:13:59.399	SPEAKER_00	Also das war sowas von so ein bisschen über den eigenen Tellerrand hinausgucken, was ich erstmal so ganz spannend fand, was glaube ich auch...
00:14:06.822	SPEAKER_00	Ich weiß gar nicht, was für einem Bedürfnis von mir das so entsprochen oder dem entgegengekommen ist.
00:14:15.429	SPEAKER_00	Auf jeden Fall bin ich da erstmal ziemlich drin aufgegangen.
00:14:17.991	SPEAKER_00	Habe schon, glaube ich, auch ganz normal studiert und auch relativ fleißig studiert.
00:14:24.937	SPEAKER_00	Aber das war jetzt in der Psychologie...
00:14:28.605	SPEAKER_00	Nicht so viel, nicht so tages- und wochenfüllend, dass man nicht auch noch viel hätte nebenbei machen können.
00:14:38.133	SPEAKER_00	Es war schon im Nachhinein, haben wir immer so ein bisschen so selbstkritiziert, es war in der Zeit auch ein bisschen eine Spielwiese.
00:14:44.437	SPEAKER_00	Es war so ein bisschen unecht.
00:14:47.038	SPEAKER_00	Es war nicht so das normale Leben, sondern es war so ein bisschen so eine Blase.
00:14:53.181	SPEAKER_00	Aber man konnte das auch nutzen.
00:14:55.542	SPEAKER_00	Ich habe da, fand ich, im Nachhinein für mich persönlich auch eine ganze Menge gelernt.
00:14:59.663	SPEAKER_02	Ja, das, denke ich, war ja die Zeit, wo wir uns selber auch nochmal ein Stück weit entdecken mussten.
00:15:03.924	SPEAKER_02	Und da hatten wir die Freiheiten.
00:15:06.926	SPEAKER_02	Anders als heute, klar.
00:15:08.869	SPEAKER_00	Also so, ich war dann relativ schnell.
00:15:11.090	SPEAKER_00	Ich habe im Oktober 78 mit dem Studium angefangen.
00:15:15.631	SPEAKER_00	Im Dezember 78 war ich in der Fachschaft, wo ich da reingekommen bin.
00:15:21.375	SPEAKER_00	Und dann gab es halt Fachschaftssitzungen, Fachschaftsvollversammlungen und so, vor 50, 60 Leuten mich hinzustellen, irgendwas zu erzählen.
00:15:29.698	SPEAKER_00	Das konnte ich bis dahin nicht so gut.
00:15:31.139	SPEAKER_00	Das habe ich da relativ gut geübt in der Zeit.
00:15:34.801	SPEAKER_00	Und ich glaube, dass ich darüber, ja, fand ich auch so ein bisschen Selbstbewusstsein entwickelt habe und mich so viel ausprobiert habe und hier geguckt habe und da geguckt habe.
00:15:43.989	SPEAKER_00	Das hatte schon viel auch so mit persönlicher Entwicklung zu tun, fand ich.
00:15:48.331	SPEAKER_02	Und wo hast du da gewohnt, als du nach Münster gekommen bist?
00:15:52.792	SPEAKER_00	Ich habe damals von Oberhausen aus, was ziemlich schwierig war, irgendwie halt eine Studentenbude gesucht und bin dann in so einer damals für Münster klassischen Studentenzimmer gelandet.
00:16:05.636	SPEAKER_00	Das war früher mal eine anderthalb, zwei Zimmer Wohnung, die in drei Studentenzimmer umgewandelt worden ist.
00:16:16.900	SPEAKER_00	Ich glaube, ich habe in der früheren Küche gewohnt, so 16 Quadratmeter war das Zimmer.
00:16:22.182	SPEAKER_00	In der Küche gab es dann nicht mehr.
00:16:23.345	SPEAKER_00	Es gab dann ein Elektro- oder ein Gasherd auf dem Flur.
00:16:28.470	SPEAKER_00	Und es gab dann halt noch zwei Zimmer, in denen für mich damals wildfremde andere Leute wohnten.
00:16:34.316	SPEAKER_00	Und ein Badezimmer gab es.
00:16:38.220	SPEAKER_00	Und in der Friedensstraße.
00:16:41.302	SPEAKER_00	Das ging von der Warndorfer Straße ab.
00:16:46.207	SPEAKER_00	Und da habe ich gewohnt, was irgendwie enorm zentrumsnah war, kostete damals pro Monat 160 Mark Miete.
00:16:55.238	SPEAKER_00	Ich habe mir dann ein Fahrrad zugelegt und konnte mit dem Fahrrad irgendwie gut immer zur Uni fahren.
00:17:01.484	SPEAKER_00	Ein früherer Schulfreund von mir, der auch in Münster studiert, hat mich dann eine ganze Zeit lang immer an Wochenenden mit nach Oberhausen wieder genommen.
00:17:10.625	SPEAKER_00	Dann bin ich nach Münster gefahren, zumindest so lange, wie ich regelmäßig hin und her gefahren bin.
00:17:15.166	SPEAKER_00	Je mehr ich dann da so ein bisschen Fuß gefasst hatte in Münster, umso weniger bin ich dann auch nach Münster gefahren, nach Oberhausen gefahren.
00:17:23.048	SPEAKER_02	Ja, ich glaube, diese Ablösungsprozesse haben alle durchlaufen, die dann gestudiert haben.
00:17:28.990	SPEAKER_00	Ja.
00:17:30.871	SPEAKER_02	Sehe ich auch jetzt bei meinen Kindern.
00:17:32.374	SPEAKER_02	Ja.
00:17:38.253	SPEAKER_00	Ja, und wir hatten halt in der Fachschaft, ging es halt erstmal so primär um Fachthemen, um Studienthemen, um welche Prüfungen sind Voraussetzungen fürs Hauptstudium und welche sind das nicht und welche Studieninhalte haben wir hier.
00:17:59.143	SPEAKER_00	Aber es ging auch immer schon so um die damals sogenannten allgemeinpolitischen Themen.
00:18:03.403	SPEAKER_02	Ja, war ja ein großer Streitpunkt.
00:18:05.325	SPEAKER_00	Ja, da darf AStA sich darum kümmern, da darf Fachschaft sich darum kümmern.
00:18:09.847	SPEAKER_00	Unsere Fachschaftszeitungen bestanden zur Hälfte aus Psychologiethemen, zur Hälfte aus anderen Sachen.
00:18:15.031	SPEAKER_00	Es waren damals ja irgendwie so pro Semester mindestens zwei Großdemos in Bonn oder in Düsseldorf zu irgendwelchen Themen.
00:18:23.018	SPEAKER_00	Viel zum Thema Lehrerausbildung, das war damals Ende der 70er, Anfang der 80er ein Dauerthema in der Hochschulpolitik, aber auch viel so um andere Themen.
00:18:35.166	SPEAKER_00	Und wir hatten relativ häufig das Thema Frauenstraße auch, weil ein Psychologiestudent, der im Jahr vor mir in der Fachschaft war,
00:18:44.979	SPEAKER_00	war Jürgen Arendt, der in der Frauenstraße zu dem Zeitpunkt gewohnt hat und immer so dafür gesorgt hat, auch regelmäßig auf Fachschaftssitzungen zu erzählen, was gerade im Thema Frauenstraße los ist, was da gerade passiert.
00:19:03.174	SPEAKER_00	Passiert, welche Aktionen geplant sind, wie das Gefährdungspotenzial gerade so ist.
00:19:10.844	SPEAKER_00	Und dadurch war das Thema Frauenstraße eigentlich immer so ziemlich...
00:19:18.832	SPEAKER_00	Und irgendwie auch so ein Thema, um das man sich ständig kümmerte, abgesehen davon ging man auch ständig dann nach Fachschaftssitzungen oder ähnlichen Sitzungen an der Frauenstraße dann Bier trinken.
00:19:27.497	SPEAKER_00	An der Frauenstraße habe ich als erstes kennengelernt über diesen Wohnungsvermittlungsservice vom Aster, der ja in der Kneipe immer saß,
00:19:38.240	SPEAKER_00	dort ich wohnte.
00:19:42.663	SPEAKER_00	Genau, die saß immer unten in der Kneipe, wenn man so reinkam, rechts an einem der Tische.
00:19:48.886	SPEAKER_00	Und von daher war das eh immer schon so ein Ding, wo ich relativ früh so Kontakt hingekriegt hatte.
00:19:57.625	SPEAKER_02	Und du warst dann auch schon involviert in die Auseinandersetzungen, sagtest du gerade, zumindest informativ, als du noch nicht da wohntest.
00:20:05.758	SPEAKER_02	Ja, genau.
00:20:06.038	SPEAKER_02	Hast du denn auch an Aktionen, Demos und so weiter teilgenommen?
00:20:09.282	SPEAKER_00	Ja, ich könnte jetzt nicht mehr genau sagen, wann das erste Mal, ich weiß auch nicht so genau.
00:20:13.708	SPEAKER_00	Welche das waren, aber wenn es irgendwelche und 1979 gab es ja auch ständig irgendwelche Aktionen oder Demos.
00:20:23.733	SPEAKER_00	Ich bin mir da ziemlich sicher, dass ich da auch daran teilgenommen habe.
00:20:26.915	SPEAKER_02	Hast du noch irgendwas an Bildern in Erinnerung?
00:20:30.397	SPEAKER_00	Nein, aus der Zeit nicht.
00:20:33.259	SPEAKER_02	Das jetzt nicht.
00:20:35.874	SPEAKER_00	Weil, also ich glaube, was ich so in Erinnerung habe, sind viele Sachen, die, als ich dann selbst in der Frauenstraße wohnte,
00:20:42.372	SPEAKER_00	aber von vorher wüsste ich jetzt nicht, es ist keine Sache, dass ich irgendwie so im Kopf habe, was von einem Straßenfest, was es gegeben hat, bin ich mir aber nicht sicher, ob das nicht schon nach meinem Einzug das gegeben hat.
00:20:55.078	SPEAKER_00	Diese Aktion mit der Verhüllung, die habe ich im Kopf, weil die war vorher, da habe ich, weil ich habe nicht gewohnt, als die schwarze Plane da vor den Fenstern war.
00:21:05.185	SPEAKER_00	Die habe ich so im Kopf.
00:21:06.326	SPEAKER_02	Ja, die war ja auch sehr spektakulär.
00:21:08.107	SPEAKER_02	Ja, ja, ja.
00:21:10.348	SPEAKER_02	Wann bist du denn in die Frauenstraße eingezogen?
00:21:12.269	SPEAKER_02	Wie bist du da reingekommen?
00:21:14.332	SPEAKER_02	Ja, ähm.
00:21:18.334	SPEAKER_00	Ich bin 1980 eingezogen.
00:21:22.096	SPEAKER_00	Ich habe, als ich mir da mal so ein paar Gedanken gemacht habe, ich musste mir das echt ziemlich genau nochmal überlegen,
00:21:28.721	SPEAKER_00	wann war eigentlich was und wann war das?
00:21:31.060	SPEAKER_00	Ich habe im Herbst 1980 Vordiplom gemacht.
00:21:35.604	SPEAKER_00	Und ich weiß, dass wir sozusagen eine Vor-Diplom-Vorbereitungsgruppe in der Frauenstraße dann wohnen hatten.
00:21:42.510	SPEAKER_00	Das muss so Frühjahr, Sommer gewesen sein.
00:21:46.355	SPEAKER_00	Da war damals eine Situation, wo viele damalige Bewohner irgendwie nicht ausgezogen waren, aber einfach phasenweise weg waren.
00:22:00.382	SPEAKER_00	Und zwar offiziell noch wohnten, aber nicht mehr richtig in den Zimmern präsent waren.
00:22:08.807	SPEAKER_02	Wo wohl irgendwie so eine blöde Situation war, dass... Die Zwangsräumungen waren das, ne?
00:22:14.150	SPEAKER_02	War das die Zeit der Zwangsräumungen?
00:22:15.990	SPEAKER_00	Nee, nee.
00:22:17.030	SPEAKER_00	Irgendwie war das so, dass es hieß, im Sommer sind ganz viele zum Teil weg und irgendwie steht das Haus in Anführungsstrichen halb leer.
00:22:25.195	SPEAKER_01	Ach so, mhm.
00:22:26.858	SPEAKER_00	Von daher spricht es eher dafür, dass es Früh-Sommer-Sommer war.
00:22:31.776	SPEAKER_00	Und dass es so darum ging, wir brauchen Leute, die regelmäßig konstant im Haus sind.
00:22:37.680	SPEAKER_00	Ich weiß das zum Beispiel in dem Zimmer, in das ich dann in Anführungsstriche eingezogen bin von Inge Steingrube, die hatte ihre gesamten Klamotten noch da.
00:22:45.905	SPEAKER_00	Und im Prinzip hatte ich immer noch mein Zimmer in der Friedenstraße.
00:22:49.367	SPEAKER_00	Inge war aber in ihrem Zimmer und ich habe in ihrem Zimmer gewohnt.
00:22:52.930	SPEAKER_00	Und so ging das.
00:22:54.932	SPEAKER_00	Zwei damals Kommilitoninnen von mir, unter anderem Margret, meine jetzige Frau, und der Hildegard Schäfermeier, Die haben auch im Haus gewohnt.
00:23:03.778	SPEAKER_00	Marit in der zweiten Etage, ich war dann halt im inges Zimmer von der Treppe aus sofort rechts, bevor man in die Etage ging.
00:23:12.066	SPEAKER_00	Und Hilde, weiß ich gar nicht, wo die war.
00:23:14.428	SPEAKER_00	Und dann haben wir sozusagen in der Frauenstraße, ich habe da gewohnt, ich habe da übernachtet, bin ab und an mal noch in der Friedenstraße,
00:23:21.264	SPEAKER_00	um irgendwelche Sachen zu holen.
00:23:23.556	SPEAKER_00	Und wieder wegzubringen.
00:23:25.738	SPEAKER_00	Ich habe in der Frauenstraße auf dem damaligen Schreibtisch von Inge, das waren zwei so Ständer-Dinger, wo eine Tür drüber war,
00:23:35.511	SPEAKER_00	das war Inges Schreibtisch.
00:23:37.705	SPEAKER_00	Was den Vorteil ist, war ein Riesenteil.
00:23:40.208	SPEAKER_00	Da habe ich vormittags gelernt und am Mittag haben wir uns irgendwo in einem der Zimmer getroffen und regelmäßig vor Diplom Arbeitsgruppe gemacht.
00:23:47.393	SPEAKER_00	Und deshalb weiß ich, dass das im Sommer 1980 war, weil die Prüfungen waren im September.
00:23:52.741	SPEAKER_00	Und dann hieß es irgendwann, dass Inge komplett ausziehen wollte.
00:24:00.548	SPEAKER_00	Die war dann irgendwann nochmal da und dann hat die, glaube ich, nochmal wieder eine Woche in dem Zimmer gewohnt.
00:24:05.171	SPEAKER_00	Aber irgendwie hatte die eine andere Wohnung in Münster und wollte da ausziehen.
00:24:11.635	SPEAKER_00	Und dann war so die Frage, ob ich da wohnen wollen.
00:24:15.057	SPEAKER_00	Und dann bin ich da eingezogen, aus der Friedenstraße ausgezogen und dann eingezogen.
00:24:19.210	SPEAKER_02	Das war ja so, dass die Etagen im Grunde auch selber erstmal sich die Leute ausgeguckt haben.
00:24:24.855	SPEAKER_02	Das heißt, du kanntest diejenigen auf den Etagen jetzt dadurch, dass du schon im Sommer da gewohnt hast.
00:24:30.401	SPEAKER_00	Dass ich im Prinzip so ein bisschen Gast war da.
00:24:33.202	SPEAKER_00	Also dadurch kannte ich die...
00:24:37.606	SPEAKER_00	Also Ilo war damals da, Uwe war da, Bernd halt war da.
00:24:45.931	SPEAKER_00	Ich krieg die nicht alle zusammen.
00:24:49.353	SPEAKER_00	Und das war immer, fand ich, sehr nett auf der Etage.
00:24:53.994	SPEAKER_00	Ich hab immer so, weiß nicht, wann ich das so wahrgenommen hab, ich fand, die erste Etage war immer noch so eine Etage, die sich sehr bemüht hat,
00:25:00.925	SPEAKER_00	so ein WG-Leben hinzukriegen.
00:25:03.138	SPEAKER_00	Was, glaube ich, viel auch an Bernd lag, der da, glaube ich, sehr für geackert hat.
00:25:09.020	SPEAKER_00	Also mal sich zu verabreden zu einem gemeinsamen Abendessen oder zu WG-Treffen, um irgendwelche organisatorischen Abläufe zu organisieren.
00:25:19.702	SPEAKER_00	Und das fand ich sehr schön auf der ersten Etage, kam auch mit den Leuten gut klar.
00:25:25.384	SPEAKER_00	Und Es gab schon immer so Bewerbungen.
00:25:29.733	SPEAKER_00	Ich habe das immer hinterher mitgekriegt, als ich da gewohnt habe und dann andere reinkamen.
00:25:34.934	SPEAKER_00	Bei mir habe ich das gar nicht so wahrgenommen.
00:25:37.296	SPEAKER_00	Ich habe da nie mit denen zusammengesessen und ein Bewerbungsgespräch geführt, sondern irgendwann hieß es, glaube ich, immer,
00:25:44.579	SPEAKER_00	hättest du nicht Lust, da einzuziehen und fest dazuwohnen.
00:25:48.038	SPEAKER_02	Du hattest dich ja beim Probewohnen ja schon bewährt.
00:25:50.278	SPEAKER_00	Ja, genau.
00:25:50.978	SPEAKER_00	Ich hatte ein paar Probemonate.
00:25:53.318	SPEAKER_00	Ja.
00:25:55.645	SPEAKER_00	Wobei das dann ja auch so war, wenn da irgendwas, ich weiß gar nicht, ob in dem Sommer jetzt irgendwelche Aktionen waren,
00:26:01.349	SPEAKER_00	ich glaube, da war auch irgendwann im Hochsommer, gab es auch irgendwann ein Straßenfest, das war dann natürlich auch schon so mit dabei.
00:26:09.298	SPEAKER_00	Vorbereitet und organisiert und daran teilgenommen haben.
00:26:12.681	SPEAKER_00	Das ging einfach so ein bisschen so ineinander über.
00:26:14.741	SPEAKER_00	Ich bin da schon so ziemlich reingerutscht, glaube ich.
00:26:17.683	SPEAKER_02	Und erinnerst du dich denn noch so, wie das alles organisiert wurde, was ihr alles gemacht habt?
00:26:24.228	SPEAKER_02	Es gab ja auch immer Hausbesprechungen und so weiter und so fort.
00:26:27.549	SPEAKER_00	Es gab, ich glaube, relativ regelmäßig einmal die Woche, manchmal auch seltener, aber in der Regel einmal die Woche gab es Hausversammlungen.
00:26:38.455	SPEAKER_00	Unten in der Kneipe, wo die wesentlichen neuen Entwicklungen, was damals der Ernst, nicht Raimund Ernst, der Makler Ernst,
00:26:49.355	SPEAKER_00	irgendwie wieder verkündet hatte und Ob der jetzt gerade wieder einen Räumungstitel hatte, ob es wieder irgendwelche Ratssitzungen gab, wo irgendwas zur Frauenstraße beschlossen werden sollte oder ob es irgendwelche Presseaktionen gab oder Demonstrationen gemacht werden sollte.
00:27:14.319	SPEAKER_00	Da erinnere ich mich schon dran, wobei das immer so sehr an einzelnen Personen hing, primär an Bernd, den erinnere ich immer so.
00:27:22.041	SPEAKER_00	Der hatte damals schon die...
00:27:23.663	SPEAKER_00	Eine Anerkennungsstelle als Sozialpädagoge in Bönen, genau, in so einem Jugendheim, glaube ich.
00:27:34.028	SPEAKER_00	Und der war dann morgens immer weg und kam dann irgendwann wieder so mit fliegenden Fahnen und hat dann, lief dann ständig mit so einer Mappe rum und hat irgendwelche Sachen vorbereitet oder telefoniert oder sich mit Leuten getroffen oder sonst was.
00:27:49.917	SPEAKER_00	Diese Hausversammlungen gab es, dann gab es ständig Und regelmäßig sogenannte Bündnistreffen, wo ich dann auch mehrmals so von der Frauenstraße da war,
00:28:00.081	SPEAKER_00	wo dann halt Studentenorganisationen, aber auch Jusos und SPD-Unterbezirk und andere Dinge, zu denen wurde, glaube ich, gesondert eingeladen, weil es bestimmte Aktionen gab.
00:28:11.834	SPEAKER_00	Dann gab es jeden Samstagmorgen mindestens einen Büchertisch.
00:28:18.259	SPEAKER_00	Anna, über Wasserkirche und den gab es auch regelmäßig, genau, ja stimmt, Infostand, weniger Bücher durch Infostand her, wo entweder Unterschriften gesammelt wurden oder Flugblätter verteilt wurden oder auf bestimmte Aktionen hingewiesen wurde oder sowas.
00:28:34.298	SPEAKER_00	Ja.
00:28:38.565	SPEAKER_00	Eine Aktion, das hatte ich mir auch so aufgeschrieben, als ich mir so überlegte, was sticht denn für mich so aus der Erinnerung so völlig raus,
00:28:48.918	SPEAKER_00	was ich ein absolutes Highlight fand, schon in der Durchführung, aber auch so in dem emotionalen Nachhalt von mir war, die Teilnahme der Frauenstraße an dem Karnevalsumzug.
00:29:01.482	SPEAKER_00	Ich weiß nicht, 1981 müsste das gewesen sein.
00:29:04.683	SPEAKER_00	Ja, klar.
00:29:06.084	SPEAKER_00	Und das war ein absoluter Hammer, fand ich.
00:29:09.865	SPEAKER_00	Da war enorm viel Arbeit steckte da drin.
00:29:12.925	SPEAKER_00	Das habe ich auch relativ leicht mitgekriegt, weil wir so mehrere Projekte hatten.
00:29:19.728	SPEAKER_00	Eins war so der...
00:29:26.931	SPEAKER_00	Makler, der die Ratsherren so an der Leine vor sich herzog.
00:29:30.531	SPEAKER_00	Eins war irgendwie eine Raupe, die sich irgendwie durch die Mengen her, genau, wieder den tierischen Ernst hieß das.
00:29:43.296	SPEAKER_00	Und ich weiß, dass wir damals irgendwie versucht haben, das bin ich übrigens da vorne, uns in der Ludgeri-Straße irgendwo so von der Seitenstraße aus da reinzuschmuggeln,
00:30:00.042	SPEAKER_00	was ja eigentlich ein absolutes Unliegen war.
00:30:04.614	SPEAKER_00	Ich weiß gar nicht, ob sowas heute noch geht, aber das war auch insofern ziemlich schwierig, weil wir ja zwischen zwei Zugabteile sozusagen irgendwie da rein mussten.
00:30:12.799	SPEAKER_00	Wir waren aber so gut organisiert und ich glaube, das sah auch einfach so professionell aus, was wir da hatten.
00:30:18.203	SPEAKER_00	Da steckte auch enorm viel Arbeit drin.
00:30:20.645	SPEAKER_00	Irgendwo war ein riesen Hai aus Pappmaché.
00:30:23.748	SPEAKER_00	Der Miethai.
00:30:24.749	SPEAKER_00	Der Miethai.
00:30:26.550	SPEAKER_00	Und da haben wir echt wochenlang dran gearbeitet.
00:30:29.452	SPEAKER_00	Und dann sind wir da so seitlich irgendwann rein, mussten uns durch so ein paar Leute da so durchquetschen.
00:30:34.698	SPEAKER_00	Und der Zuchteil, der so dahinter uns war, die mussten dann so ein bisschen warten und plötzlich waren wir mittendrin.
00:30:43.145	SPEAKER_00	Und das machte einen saumäßigen Spaß, da durch Münster in diesem Rosenmontagszug zu ziehen und dann kreuz und quer durch die Straßen und hinterher über den Prinzipalmarkt da.
00:30:56.909	SPEAKER_00	Und dann da so unter den Politikern drunter herzulaufen und so deren Ambivalenz irgendwie so mitzukriegen, dass sie dachten,
00:31:03.816	SPEAKER_00	nein, das stimmt nicht, das ist nicht geplant, das darf so nicht sein.
00:31:07.811	SPEAKER_00	Aber irgendwie auch nichts machen zu können und es irgendwie dann doch auch ganz lustig zu finden.
00:31:12.153	SPEAKER_00	Ich weiß nicht, ob es in der Westfälischen Nachrichten oder in der Münchnerischen Zeitung dann hinterher war, dass die dann sagten,
00:31:19.320	SPEAKER_00	das wäre im Prinzip das interessanteste Ding vom ganzen Zug gewesen, was wir da gemacht haben.
00:31:24.537	SPEAKER_00	Es hat einen riesen Presseecho gegeben, weil das halt nicht so knochentrocken, sondern das war sehr humorvoll, trotzdem mit einer sehr knalligen Frauenstraßenpolitischen Botschaft.
00:31:40.299	SPEAKER_00	Aber halt so, dass es auch gut angenommen werden konnte, fand ich.
00:31:46.261	SPEAKER_00	Auf eine Art, die jetzt nicht irgendwie bewusst provoziert oder die Leute von Kopf stieß, sondern schon so humorvoll, satirisch,
00:31:56.739	SPEAKER_00	ironisch mit diesem wederdentierischen Ernst.
00:32:00.545	SPEAKER_00	Das war so ein bisschen so die...
00:32:03.846	SPEAKER_00	Der rote Faden von so der Grundstimmung, die da so drin steckte.
00:32:11.009	SPEAKER_00	Und das ist enorm gut angekommen.
00:32:13.112	SPEAKER_00	Aber trotzdem eine sehr, sehr klare, zum Beispiel in diesen Dingern hier vorne.
00:32:18.174	SPEAKER_02	Ja, das waren ja die Ratsvertreter.
00:32:19.755	SPEAKER_00	Ja, ja, genau.
00:32:20.596	SPEAKER_02	Die wurden ja von dem Ernst sozusagen an der Leine.
00:32:23.597	SPEAKER_00	Ja, ja, genau.
00:32:24.979	SPEAKER_02	Die CDU-Ratsvertreter waren.
00:32:26.558	SPEAKER_00	Mit einer sehr klaren, deutlichen, knalligen Botschaft da drin.
00:32:30.321	SPEAKER_00	Ja.
00:32:31.993	SPEAKER_02	Wie waren denn die Reaktionen?
00:32:33.095	SPEAKER_02	Habt ihr das so mitgekriegt von den Leuten?
00:32:34.935	SPEAKER_02	Waren die irritiert oder gab es Applaus?
00:32:38.838	SPEAKER_00	Ja, beides.
00:32:39.699	SPEAKER_00	Also ich glaube, viele waren irritiert.
00:32:41.580	SPEAKER_00	Also die Leute, die dachten, mein Gott, was soll der Scheiß, die sollen ja nicht sich reinmischen, die haben wir nicht mitgekriegt.
00:32:47.345	SPEAKER_00	Die haben das nicht lautstark irgendwie gerufen oder uns irgendwelche Sachen am Kopf geschmissen oder sowas.
00:32:54.529	SPEAKER_00	Sondern die, die ich so drumherum mitgekriegt habe, die waren entweder irritiert oder belustigt und fanden das gut und haben auch applaudiert.
00:33:03.215	SPEAKER_00	Also ich weiß, dass damals das Presseecho sehr positiv war, was uns damals ziemlich überrascht hat.
00:33:09.180	SPEAKER_02	Naja, der Karneval hat ja im Grunde genommen auch genau diese Seite, dass man was sagen darf, was durchaus dann auch...
00:33:20.147	SPEAKER_02	Nicht von allen so getragen wird.
00:33:22.130	SPEAKER_00	Ich weiß noch ziemlich genau, das war dann halt am Prinzipalmarkt vorbei, dann war ja auch irgendwann Ende und dann haben wir uns halt wie immer in der Frauenstraße getroffen.
00:33:29.816	SPEAKER_00	Die Stimmung war absolut grandios hinterher.
00:33:32.618	SPEAKER_00	Ich glaube, dass jeder erstmal riesen Spaß daran hatte und jeder auch gemerkt hat, das war jetzt eine Aktion, mit der wir enorm viel bewirkt haben und das macht ja dann nochmal wieder umso mehr Spaß.
00:33:43.307	SPEAKER_00	Wenn du so was machst und merkst, das hat jetzt auch was gemacht, das hat auch was ausgelöst.
00:33:48.678	SPEAKER_02	Ja, das waren ja ein Riesenpublikum, was man da ja hatte, beim Karnevalsumzug in Münster, ich weiß gar nicht wie viele Tausende,
00:33:56.250	SPEAKER_02	Zehntausende haben mitgesandt.
00:33:58.105	SPEAKER_00	Ja, also so viel Publikum haben wir, glaube ich, mit keiner sonstigen Flugblattverteilaktion und keiner sonstigen Demo in Münster gehabt.
00:34:08.936	SPEAKER_00	Wobei ich fand, aber das ist auch glaube ich erst so eine Wahrnehmung, die ich im Nachhinein hatte, dass das so etwas Spezifisches von der Frauenstraße und von allen,
00:34:21.006	SPEAKER_00	die primär so in der Frauenstraße, von der Frauenstraße aus versucht haben, da politisch, was zu bewirken, was für den Erhalt der Frauenstraße zu machen, dass das immer sehr bemüht war, jetzt nicht so chaotisch zu provozieren und irgendwie Aktion um der Aktion willen, sondern dass es schon so klare Inhalte, klare Forderungen, sehr zugespitzte Forderungen waren, aber so es immer sehr bemüht waren, auch möglichst viele Leute zu gewinnen und auch die Meinung möglichst vieler Leute zu gewinnen.
00:34:57.108	SPEAKER_00	Also zur Not auch von CDU-Wählern in Münster oder SPD-Wählern ja eh.
00:35:03.190	SPEAKER_00	Aber so, dass es jetzt nie darum ging, irgendwie so, wir haben jetzt die Weisheit gefressen und ist das egal, was andere denken und wir wollen jetzt aber bitte unsere Meinung durchsetzen,
00:35:11.767	SPEAKER_00	sondern es ging immer schon darum, politische Mehrheiten in Münster dafür zu kriegen, dass die Frauenstraße erhalten bleiben kann.
00:35:18.855	SPEAKER_02	Und die Form, wie es gemacht wurde, die war ja sehr kreativ in vielen Punkten.
00:35:23.838	SPEAKER_02	Also das war jetzt nicht nur die Hausverhüllung oder hier der Karnevalsumzug.
00:35:28.923	SPEAKER_02	Ich fand, es gab ja durchaus eine ganze Reihe von Aktionen, auch bei den Demonstrationen mit dem Wohnklo.
00:35:39.211	SPEAKER_02	Das waren alles sehr kreative, teilweise sehr witzige Aktionen, die aber...
00:35:43.715	SPEAKER_02	Eine klare Botschaft hat.
00:35:44.856	SPEAKER_00	Ja, ja.
00:35:46.077	SPEAKER_00	Und das ist so was, wo ich, als ich da nochmal so drüber nachgedacht habe, als ich so im Sommer 80 da wirklich so ein bisschen so reinkam in die Frauenstraße,
00:35:54.343	SPEAKER_00	es, glaube ich, war auch so ein bisschen so, ich weiß nicht, wie die Jahre vorher waren, aber ich habe das als so eine sehr heiße Zeit erlebt, wo ständig was passierte.
00:36:03.226	SPEAKER_00	War es auch.
00:36:03.726	SPEAKER_00	Es gab ständig, also Infostände eh, aber es verging kein Monat, wo nicht irgendwie der Münsteraner Normalbürger irgendwas von der Frauenstraße mitkriegen musste.
00:36:15.820	SPEAKER_00	Wo vor allen Dingen in der Münchnerischen Zeitung, da gab es damals einen Redakteur, der uns sehr positiv zugetan war, Das Kürzel war TS,
00:36:25.755	SPEAKER_00	ich weiß nicht mehr, was das hieß, Thomas, noch irgendwas.
00:36:30.074	SPEAKER_00	Westfälische Nachrichten war immer schon sehr erzkonservativ, CDU-orientiert, sehr naserümpfend über alles, aber Münsterische Zeitung war eigentlich so relativ verständnisvoll bis solidarisch.
00:36:44.762	SPEAKER_00	Wo es, es verging keine Woche, wo nicht irgendwas war, was dann auch irgendwie in der Zeitung landete.
00:36:50.306	SPEAKER_00	Deswegen ist das Archiv von der Zeit auch ziemlich dick, glaube ich.
00:36:52.989	SPEAKER_02	Genau, der Makler hat da ja versucht, seine Flöcke auch zu setzen, auch durch, indem er Abbruch-Trupps da rein schickt.
00:37:00.675	SPEAKER_00	Hast du das auch miterlebt?
00:37:01.896	SPEAKER_00	Nee, also diesen Abbruch-Trupp habe ich nicht erlebt und diese Aktion mit der Kerze im Keller auch nicht.
00:37:08.902	SPEAKER_00	Da habe ich von Jürgen Ahrendt damals in der Fachschaft schon gehört, der erzählte, dass das die weil das war dann für uns auch immer so was sehr Authentisches,
00:37:16.824	SPEAKER_00	weil da erzählt einer, der da im Haus wohnt, erzählt davon, dass im Keller der Gashahn aufgedreht war und eine Flamme da rumstand.
00:37:24.990	SPEAKER_00	Das hatte für uns immer so, also für mich damals als völlig Außenstehenden, ich weiß nicht, damals einen 20-Jährigen, der da irgendwie aus dem Elternhaus gerade rausgekommen war,
00:37:35.610	SPEAKER_00	schon immer was sehr Beeindruckendes.
00:37:38.858	SPEAKER_00	Aber da war ich noch nicht, also diese Abbruchaktion Und diesen Gasanschlag oder wie man das nennen will, da war ich noch nicht drin.
00:37:49.884	SPEAKER_02	Aber dann die sogenannte Rettung der Frauenstraße, das hast du ja voll miterlebt.
00:37:56.648	SPEAKER_02	Kannst du dich da noch dran erinnern?
00:38:00.731	SPEAKER_00	Ja.
00:38:04.833	SPEAKER_00	Ich weiß, dass...
00:38:09.304	SPEAKER_00	Es gab so eine Zeit, irgendwann ist Hubertus Stäbel ja mit in der Frauenstraße eingezogen und der, weil Bernd ja auch viel mit seinem Anerkennungsjahr zu tun hatte,
00:38:21.955	SPEAKER_00	dann glaube ich sehr viel auch mit Bernd zusammen so führend organisiert hat.
00:38:29.833	SPEAKER_00	Und es gab so ein paar Wochen, wo du merkst, es grummelt enorm.
00:38:35.596	SPEAKER_00	Wo Hubi dann mit zwei CDU-Ratsherren, Polenz und Milbrad, dann sich relativ heimlich getroffen hat und wo die irgendwas ausloten wollten.
00:38:45.539	SPEAKER_00	Was ist denn da möglich und was können wir denn da vereinbaren?
00:38:48.782	SPEAKER_00	Wie kriegen wir denn da die Kuh vom Eis?
00:38:51.943	SPEAKER_00	Und es gab ständig über Theo Strasser innerhalb der SPD Kontakte.
00:38:56.485	SPEAKER_00	Und dann gab es, irgendwann war ein Besuch von Landtagsleuten in Münster geplant, wo wir auch eh schon mit riesen Transparenz stehen wollten.
00:39:06.849	SPEAKER_00	Das war schon vorbereitet und alles.
00:39:09.530	SPEAKER_00	Und ein paar Tage vorher gab es die Information über Theo Stresser, dass die Landesregierung beschlossen hätte, über die damalige LEG das Haus zu kaufen.
00:39:27.115	SPEAKER_00	Und dass das auf diesem Besuch der Landtagsabgeordneten im Münsteraner Rathaus verkündet werden sollte.
00:39:37.706	SPEAKER_00	Das wussten wir, glaube ich, so drei, vier Tage vorher.
00:39:40.489	SPEAKER_00	Und das ist dann da halt auch groß verkündet worden.
00:39:42.831	SPEAKER_00	Das war dann irgendwie Ende März 81.
00:39:45.472	SPEAKER_02	Ach, weiß gar nicht genau, 28. Und davor war ja auch noch die Planung.
00:39:53.721	SPEAKER_00	Ja, ja, ja.
00:39:56.563	SPEAKER_02	Das Treffen der Bundeswahl im Hausbesetzerkongress.
00:40:24.702	SPEAKER_00	Und dass das doch illegal ist und was wir da alle an kriminelles Gesocks aus ganz Deutschland heranziehen, wo ich im Nachhinein auch denke,
00:40:32.854	SPEAKER_00	naja gut, ich weiß auch nicht, wer da alle da war.
00:40:35.865	SPEAKER_00	Und ich weiß, dass im Nachhinein dann Hubi und Bernd enorme Mühe hatten, das so ein bisschen in geordnete Bahnen da zu halten.
00:40:44.068	SPEAKER_00	Aber das war wirklich ein chaotiker Treffender, weil die Hausbesetzer-Szene bundesweit, also sowohl in Münster, es gab ja noch ein...
00:40:53.452	SPEAKER_00	Ein, mehrere Häuser in Münster, die damals besetzt waren, ein Haus, was damals auch ziemlich spektakulär geräumt worden ist,
00:40:59.462	SPEAKER_00	Marienthalstraße, erinnerst du dich daran?
00:41:01.586	SPEAKER_02	Ja, da habe ich auch besessen und da wurden wir von der Straße geräumt.
00:41:05.197	SPEAKER_00	Ja, und die war ja schon eher so Sponti-Szene, diese Hausbesetzer-Szene.
00:41:17.186	SPEAKER_00	Und da fiel zumindest in Münster die Frauenstraße so ein bisschen raus, weil das jetzt primär mit Sponti-Szene so ganz wenig zu tun hatte,
00:41:25.734	SPEAKER_00	fand ich.
00:41:27.193	SPEAKER_00	Das war ja eher so Linke, SPD, MSB, SHB, so das Spektrum.
00:41:39.960	SPEAKER_02	Ja, die Hausbesitzer-Szene Hamburg, Berlin, Freiburg, Frankfurt, die war teilweise... Ja, in Göttingen.
00:41:45.724	SPEAKER_02	In Göttingen, die war zum Teil schon härter drauf.
00:41:49.045	SPEAKER_00	Ja, und vor allen Dingen jetzt so wenig fokussiert auf, wir wollen...
00:41:56.273	SPEAKER_00	Politische Mehrheiten, aber so die politische Willensbildung beeinflussen durch Aktionen, die wir machen, sondern es ging mehr so,
00:42:03.574	SPEAKER_00	ja, Selbstzweck stimmt nicht, aber uns ist jetzt nicht so wichtig, was die Leute davon halten, von dem, was wir da machen.
00:42:10.521	SPEAKER_02	Unser Lebensmodell, das wollen wir verwirklichen.
00:42:12.862	SPEAKER_02	Darum ging es ja auch in erster Linie.
00:42:15.164	SPEAKER_02	Und das war ja bei der Frauenstraße ein Stück weit anders.
00:42:17.846	SPEAKER_02	Da war immer im Fokus der Erhalt.
00:42:20.840	SPEAKER_02	Des Hauses.
00:42:21.561	SPEAKER_00	Ja, und das in Verbindung mit Wohnungsnot der Münsteraner Studenten primär.
00:42:28.092	SPEAKER_00	Ja, ja, ja.
00:42:29.615	SPEAKER_00	Ja.
00:42:33.117	SPEAKER_00	Ja, das war so, ich glaube, dass so dieses... Der Kongress war ein Beschleuniger für die Entscheidung.
00:42:40.021	SPEAKER_00	Ja, ich glaube, dass das langsam dann auch für, also so bedrohlich wurde, so für das politische Establishment, was da an Dynamik auf einmal entsteht.
00:42:54.407	SPEAKER_00	Und dass irgendwann, ich weiß nicht auf welcher Ebene, wie viel da die Münsteraner Ratsherren mitgemacht haben oder ob das wirklich nur auf Landesebene war,
00:43:02.897	SPEAKER_00	Aber dass dann irgendwann so die Idee war, wir müssen nochmal die Dynamik rauskriegen und das kriegen wir am besten, wenn wir das Thema Frauenstraße vom Tisch kriegen.
00:43:12.081	SPEAKER_00	Was ich nicht weiß, wie das passiert ist, dass der Ernst da dann dem zugestimmt hat, das Haus zu verkaufen, das musste er ja,
00:43:17.912	SPEAKER_00	dem musste er ja auch irgendwie zustimmen, aber irgendwie hat er das dann verkauft.
00:43:24.398	SPEAKER_00	Und ich glaube, dass diese Dynamik, die da auch mit dem Hausbesetzerkongress und es gab vorher war noch eine Sache, die auch ziemlich hohe Wellen geschlagen hat,
00:43:37.299	SPEAKER_00	wo wir auch zwei Riesenflugblätter, das war das erste Mal, dass wir DIN A3-Flugblätter produziert haben, wo die CDU so bekloppt war, den Ernst für irgendeine Kommunalwahl auf die Kandidatenliste zu stellen.
00:43:53.925	SPEAKER_00	Und das haben wir von diesen Menschen, von der MZ, von Thomas Schneider hieß der, deswegen TS, Von dem haben wir das erfahren,
00:44:01.606	SPEAKER_00	beziehungsweise der hat zugesehen, dass so eine ganz, ganz klitzekleine Meldung in der MZ, so ganz links am Rand, sowieso ernst, ich weiß nicht mehr, wie der mit Vornamen hieß, kandidiert da und da in Münstersprakel oder wo der wohnte für die CDU.
00:44:16.764	SPEAKER_00	Und das haben wir relativ dick und breit ausgebreitet.
00:44:19.465	SPEAKER_00	Und das hat der CDU enorm geschadet in Münster.
00:44:23.297	SPEAKER_00	Und durch solche Sachen ist enorm viel Druck entstanden, wo die, glaube ich, irgendwann dachten, wir kommen aus der Nummer nicht mehr raus.
00:44:29.623	SPEAKER_00	Wir kommen dann nicht raus, wenn wir das Haus räumen lassen und platt machen lassen, sondern irgendwie, wir wollen das Thema vom Tisch kriegen.
00:44:37.490	SPEAKER_00	Und dann waren wir eigentlich genau da, wo wir hinwollten.
00:44:39.452	SPEAKER_02	Ja.
00:44:40.253	SPEAKER_01	Ja.
00:44:43.179	SPEAKER_02	Ja, eine spannende Zeit.
00:44:44.380	SPEAKER_02	Es drehte sich ja viel um das Haus.
00:44:47.222	SPEAKER_02	Tagtäglich waren wieder neue Infos, neue Entscheidungen zu treffen.
00:44:50.385	SPEAKER_02	Es gab aber auch ein Zusammenleben in dem Haus.
00:44:54.768	SPEAKER_02	Kannst du ein bisschen dazu noch erzählen?
00:44:58.650	SPEAKER_02	Wie habt ihr da so zusammengelebt?
00:45:04.076	SPEAKER_00	Ja, das war sehr etagenspezifisch, fand ich.
00:45:07.637	SPEAKER_00	Es gab schon gemeinsame Sachen, also gemeinsame Dinge fürs ganze Haus, aber so für mein Lebensgefühl war eigentlich so der Zusammenhalt auf der Etage eigentlich viel wichtiger.
00:45:21.206	SPEAKER_00	Wir wohnten da zu siebt und ich kann mich an relativ viel Wechsel erinnern, was erst mal relativ normal war, dass Manche dann irgendwie aus dem Studentendasein rauswuchsen oder irgendwie einen Job kriegten,
00:45:38.558	SPEAKER_00	irgendwo hinzogen oder mit den Partnern zusammen wohnen wollten und dann gingen die halt raus und dann kamen neue nach.
00:45:48.686	SPEAKER_00	Wobei wir schon, glaube ich, so auf der ersten Etage versucht haben, so ein bisschen möglichst viel WG-Leben hinzukriegen und irgendwann auch mal was zusammenzumachen.
00:45:59.474	SPEAKER_00	Einmal in der Woche in den Abend, sagt die Raschmann, Abendessen zusammen zu machen oder zu gucken, wenn jemand Neues einzieht,
00:46:07.240	SPEAKER_00	wen wollen wir da eigentlich haben.
00:46:11.742	SPEAKER_00	Aber ich war dann auch häufiger mal für irgendwelche Sachen auf den anderen Etagen, aber das habe ich immer...
00:46:18.527	SPEAKER_00	Marit hat eine Zeit lang auf der zweiten gewohnt, das war immer viel unverbindlicher, das driftete viel mehr auseinander.
00:46:25.630	SPEAKER_00	Da war so weniger, wir gucken mal, dass wir so als WG was zusammen machen und als WG uns verstehen.
00:46:33.695	SPEAKER_00	Das war mehr so, jeder hat ein Zimmer, es gibt eine gemeinsame riesengroße Küche, aber ansonsten organisieren wir die Putzdienste und eventuelle Einkaufsdienste,
00:46:42.728	SPEAKER_00	aber auch das gab es nicht.
00:46:44.639	SPEAKER_00	Also wenigstens auf der dritten Etage gar nicht.
00:46:46.501	SPEAKER_00	Da hatte jeder fast seinen eigenen Kühlschrank oder seine eigene Ecke im Kühlschrank.
00:46:50.824	SPEAKER_00	So eine Anekdote, die mir nachher nochmal eingefallen ist, die sich jetzt auf das ganze Haus bezog.
00:46:57.389	SPEAKER_00	Wir hatten ja Kohleöfen im ganzen Haus und wir hatten einen Kohlekeller.
00:47:03.228	SPEAKER_00	Und irgendwann musste halt immer einer organisieren, wann brauchen wir wieder Kohle, wann brauchen wir wieder Anmachholz,
00:47:09.669	SPEAKER_00	wann brauchen wir wieder Briketts.
00:47:11.592	SPEAKER_00	Und wir hatten halt so einen Kohlelieferanten und alle paar Wochen musste der halt mal angerufen werden.
00:47:15.695	SPEAKER_00	Und das war was, wo ich dann immer durchs Haus gerannt bin.
00:47:19.737	SPEAKER_00	Braucht ihr auch Kohle?
00:47:20.858	SPEAKER_00	Wie viel bestellen wir?
00:47:21.878	SPEAKER_00	Und wie sieht es bei euch aus?
00:47:23.539	SPEAKER_00	Und dafür hatten wir, glaube ich, auch eine Hauskasse für solche Anschaffungen.
00:47:28.849	SPEAKER_00	Und dann musste halt der Kohlelieferant angerufen werden und organisiert werden, wann der kommt, dass einer da ist und dann dieses Schapfel im Kohlekeller da aufmacht.
00:47:39.121	SPEAKER_00	Was ich mal ganz lustig fand war, ich habe mir irgendwann angewöhnt, mich daneben zu stellen, wenn die aus dem Lieferwagen diese Säcke holen.
00:47:48.010	SPEAKER_00	Rausgeschleppt haben und unten im Keller ausgeschüttet haben.
00:47:52.193	SPEAKER_00	Weil du musstest die Säcke wirklich zählen, die die da rausbrachten.
00:47:55.054	SPEAKER_00	Du wurdest da echt verarscht dabei.
00:47:56.956	SPEAKER_00	Einmal haben die das echt geschafft, dass die mindestens einen Sack mehr abgerechnet haben, als sie geliefert hatten.
00:48:02.798	SPEAKER_00	Und von dem Tag an habe ich mir jemanden daneben gestellt und wirklich mitgezählt.
00:48:05.721	SPEAKER_02	Ja, zweimal einen Sack verkaufen ist ein gutes Geschäft.
00:48:09.922	SPEAKER_00	Ja, da musstest du echt aufpassen, die haben dich echt, wenn du nicht aufpasst, über den Tisch gezogen.
00:48:15.865	SPEAKER_02	Was wohnten da für Leute in der Frauenstraße?
00:48:18.128	SPEAKER_02	Würdest du sagen, das waren jetzt besondere Menschen, die ja auch im Grunde genommen klar hatten, sie waren da immer in Auseinandersetzungen oder kam man da so rein und wuchs man da rein in solche Auseinandersetzungen?
00:48:36.045	SPEAKER_00	Ja, als ich reinkam, war das so ein, also es waren glaube ich schon alles Leute, die sich irgendwie als Linke verstanden hätten.
00:48:45.932	SPEAKER_00	Aber jetzt nicht unbedingt nur welche, die so hoch organisiert in linken Hochschulorganisationen drin waren.
00:48:55.061	SPEAKER_00	Also was ich finde so relativ typisch ist, ist so Carla, Carla Taler.
00:49:00.304	SPEAKER_00	Eine elendig liebe junge Frau damals, das war eine ganz, ganz sympathische, die auch so für die Atmosphäre auf der Etage enorm viel gemacht hat,
00:49:12.162	SPEAKER_00	weil die so mit allen gut konnte und irgendwie so sehr viel Wärme verbreitet hat.
00:49:18.934	SPEAKER_00	Die war nirgendwo organisiert, die hätte...
00:49:22.615	SPEAKER_00	Weiß ich gar nicht, wie sehr die so politisch interessiert, engagiert war, aber die war da immer mittendrin dabei, wenn es um Frauenstraßensachen ging.
00:49:31.442	SPEAKER_00	Also das, ohne dass die jetzt, ich glaube nicht, dass sie in irgendeiner Partei war, in der DKP ganz sicher nicht, im Spartakus SAB war sie auch nicht,
00:49:42.438	SPEAKER_00	aber immer hoch interessiert und hoch solidarisch und hoch engagiert dabei.
00:49:48.012	SPEAKER_00	Bis hin zu, ja, Leuten wie Uwe Selkowski oder hinterher auch ich, die dann so im Spartakus und DKP waren, aber eigentlich alles durch die Bankstudenten,
00:50:05.651	SPEAKER_00	die mehr oder weniger intensiv studiert haben.
00:50:11.465	SPEAKER_02	Außer Gerd Meyer-Ratken, der war ja Künstler.
00:50:14.108	SPEAKER_00	Der ganz oben, ja genau, der war so der Hauskünstler.
00:50:18.711	SPEAKER_00	Wir hatten in der zweiten Etage, gab es, ich weiß den Namen nicht mehr, jemanden, der gerade Lehrerreferendariat machte, der so aus seiner Studentenzeit immer noch da wohnte und also das Referendariat,
00:50:33.367	SPEAKER_00	also so ähnlich vom Ausbildungsstand her wie Bernd, als er dann die Ausbildung beendet hat und dann noch ausgezogen ist.
00:50:43.931	SPEAKER_02	So war es ja auch angedacht, dass es im Grunde ein Haus für studentische Zonen war.
00:50:47.931	SPEAKER_00	Ja, und das war dann auch so.
00:50:49.652	SPEAKER_00	Ich glaube, das war dann auch so ein bisschen von dem Lebensgefühl her der Leute, dass man irgendwann für sich dachte, ich bin so ein bisschen daraus gewachsen.
00:50:58.414	SPEAKER_00	Und dann sind die halt mit entsprechendem Vorlauf und auf der Etage besprechen und mitteilen, Dann auch ausgezogen und dann kamen halt andere wieder nach.
00:51:08.735	SPEAKER_00	Eigentlich immer auch alles Studentinnen, Studenten.
00:51:13.257	SPEAKER_02	Und jeder hat so geguckt und konnte sich einbringen, wie so seine Fähigkeiten waren.
00:51:19.918	SPEAKER_02	Ich meine, Gerd war ja schlecht einzufangen und den konntest du auch nicht an den Infostand stellen.
00:51:24.498	SPEAKER_02	Aber der hat auch immer Plakate gemalt oder auch den Kalender gemacht.
00:51:30.641	SPEAKER_00	Ja, genau.
00:51:32.893	SPEAKER_00	Ja, und die beiden Gemälde auch gemacht, wo ich da auch irgendwie zwei Stunden auf dem Tisch stand.
00:51:45.400	SPEAKER_00	Da hatten die Leute sich ja echt drüber gestritten.
00:51:48.061	SPEAKER_00	Ich bin doch gar nicht erkennbar, das bin doch nicht ich.
00:51:50.202	SPEAKER_00	Ich fand mich relativ gut erkennbar.
00:51:52.304	SPEAKER_00	Irgendjemand meinte dann mal, das fand ich aber auch ganz zutreffend, Du konntest immer gut erkennen, wen Gerd gerade mochte und wen nicht.
00:52:02.291	SPEAKER_00	Und wen er gerade... Der hat ja so eine ganz skurrile Art.
00:52:06.193	SPEAKER_00	Aber irgendwie, fände ich, konnte man mit ihm auch einen Draht kriegen auf seine Art.
00:52:11.675	SPEAKER_00	Und manche haben sich da ein bisschen mehr bemüht und manche ein bisschen weniger.
00:52:14.474	SPEAKER_00	Und das merktest du dann, glaube ich, auf diesem Bild.
00:52:16.396	SPEAKER_00	Also die Leute, die er nicht mochte, die sind auch irgendwie ganz seltsam abgebildet worden.
00:52:21.536	SPEAKER_00	Und die Leute, die er mochte, die erkennst du ganz gut.
00:52:23.737	SPEAKER_00	Das fand ich irgendwie ganz witzig.
00:52:26.079	SPEAKER_00	Ja.
00:52:27.978	SPEAKER_02	Gab es denn auch Konflikte im Haus oder wie wurde da diskutiert?
00:52:33.023	SPEAKER_02	Also man musste sich ja auch Strategien überlegen, was macht man, wer macht was?
00:52:38.567	SPEAKER_00	Ja, es gab auf unserer Etage häufiger mal Konflikte um so klassische WG-Themen.
00:52:52.797	SPEAKER_00	Also wer spült, wir hatten keine Spülmaschine, wir haben immer noch per Hand gespült Und wer ist mal mit Spülen dran?
00:53:02.385	SPEAKER_00	Es gab mal, wir hatten so einen Einkaufsdienst, ich weiß, dass Uwe sich mal selber bei mir beschwert hat darüber, welche Wurst- oder Käsesorten ich gekauft habe.
00:53:12.650	SPEAKER_00	Oder was immer ein Dauerthema war, waren so Sauberkeit im Badezimmer und wer da jetzt gerade dran war mit dem Putzdienst.
00:53:22.737	SPEAKER_00	Aber ja, Konfliktthemen, weiß ich, aber das waren immer schon so Reibereien, wo man so merkte, dass da sind auch so unterschiedliche Ansprüche und unterschiedliche Vorstellungen von Sauberkeit,
00:53:34.832	SPEAKER_00	von Abläufen, von Lebensstil, die da so ein bisschen aufeinanderprallen, das gab es schon immer Reibereien.
00:53:41.641	SPEAKER_00	So ein Punkt, der mir im Nachhinein noch mal eingefallen ist, dass ich irgendwann nach einer Zeit so den Eindruck hatte, ich lebe da ziemlich,
00:53:54.017	SPEAKER_00	also ich habe dann ja, wir haben 80 Vordiplomen gemacht, ich habe 84 Diplomen gemacht.
00:54:01.619	SPEAKER_00	Im Prinzip ging das Studium ganz normal weiter.
00:54:05.440	SPEAKER_00	Dass ich irgendwann so innerhalb der Frauenstraße so den Eindruck hatte, ich lebe da in einer ziemlichen Blase.
00:54:14.378	SPEAKER_00	Das hatte aber nichts mit Frauenstraße primär zu tun, sondern ich glaube wirklich so mit dem politischen Spektrum, in dem die Frauenstraße so drin war.
00:54:20.882	SPEAKER_00	Ich glaube, das hatte bei mir viel mit MSB zu tun.
00:54:26.204	SPEAKER_00	Marit, die wohnte jetzt auch nicht mehr in der Frauenstraße, hat das nie so erlebt, aber ich habe dann irgendwann so gemerkt,
00:54:32.845	SPEAKER_00	ja, man konnte so rumhängen, man konnte auch mal nichts machen, das war alles völlig folgenlos und konsequenzenlos, man konnte...
00:54:40.809	SPEAKER_00	Man führte irgendwie spannende Diskussionen miteinander oder ich weiß gar nicht was.
00:54:45.711	SPEAKER_00	Und ich habe irgendwann so gedacht, irgendwie versumpfst du hier immer mehr.
00:54:50.077	SPEAKER_02	Waren ja auch immer Leute zu Besuch.
00:54:52.157	SPEAKER_02	Also das war ja auch ein offenes Haus.
00:54:54.420	SPEAKER_00	Es war immer was los.
00:54:55.340	SPEAKER_00	Und wir hatten ja eine riesen Wohnküche.
00:54:59.483	SPEAKER_00	Da gab es zwei Sofas, glaube ich, in der Ecke.
00:55:01.884	SPEAKER_00	Es gab einen riesen Tisch mit Stühlen drum.
00:55:03.925	SPEAKER_00	Das war auch so, weil es auch mitten in der Wohnung war, so der Mittelpunkt der Wohnung, der soziale Mittelpunkt.
00:55:10.009	SPEAKER_00	Es war immer was los.
00:55:12.931	SPEAKER_00	Und es waren immer nette Leute da und ich glaube, dass so ein bisschen die Möglichkeit war, wenn man wollte, konnte man sich da gut vor dem normalen Leben gut verstecken.
00:55:26.338	SPEAKER_00	Und ich glaube, dass manche da anfälliger für waren als andere, manche waren da gar nicht.
00:55:31.900	SPEAKER_00	Also Ilo hat immer ihr Leben da gemacht und ihr Studium gemacht und da hast du immer gedacht, die hat immer Boden unter den Füßen und die macht immer ihr Ding.
00:55:39.927	SPEAKER_00	Bei Uwe hatte ich nie so den Eindruck, dass das bei ihm so war.
00:55:44.331	SPEAKER_00	Ich habe nie so richtig verstanden, was der gerade studiert, wo der gerade irgendwas macht.
00:55:48.635	SPEAKER_00	Und bei mir war das so ein Gewackel.
00:55:51.317	SPEAKER_00	Ich habe so gemerkt, das hat eine enorme Sogwirkung auf mich.
00:55:56.681	SPEAKER_00	Ich habe damals, Ende März 1981 war ich mit Marit zusammen.
00:56:04.476	SPEAKER_00	Enorm viel Stress mit ihr gekriegt, weil sie ständig sagte, sie will nicht mehr in der Frauenstraße übernachten.
00:56:11.422	SPEAKER_00	Das kotzt sie so ein bisschen an, die Atmosphäre.
00:56:14.704	SPEAKER_00	Und ich glaube vor allen Dingen, dass sie dann auch gemerkt hat, weniger die Atmosphäre, als so wie ich darauf reagiere.
00:56:21.590	SPEAKER_00	Das war so eine, ich weiß nicht, ich kann das nicht gut beschreiben, so eine Schubidu-Atmosphäre.
00:56:27.795	SPEAKER_00	Es war alles unverbindlich, alles so ein bisschen egal und was du persönlich machtest, was du beruflich machtest, das war alles irgendwie gar nicht so wichtig,
00:56:37.565	SPEAKER_00	sondern das Zusammensein und das Dasein und man war ja schließlich Frauenstraße, man war ja schließlich politisch relevant und nicht nur wegen Frauenstraße, sondern auch wegen wegen Spartakus oder DKP oder Fachschafts- oder FBK-Sachen.
00:56:52.108	SPEAKER_00	Man machte immer politisch relevante, politisch wichtige Sachen.
00:56:54.829	SPEAKER_00	Man konnte sich enorm wichtig finden und darüber enorm viel scheinbares Selbstwertgefühl aufbauen, was aber enorm instabil war.
00:57:08.036	SPEAKER_00	Und das ist aber, glaube ich, mehr so, das hat wenig mit dem Haus und schon gar nicht mit der WG zu tun, sondern ich glaube viel mit mir.
00:57:17.949	SPEAKER_00	Und viel mit der politischen Subskulturszene, in der die Frauenstraße auch so stand.
00:57:26.264	SPEAKER_02	Man hatte ja auch dann unten gleich die Kneipe.
00:57:28.248	SPEAKER_02	Ja.
00:57:30.085	SPEAKER_00	Magst du mal was zum Kneipenleben sagen, was dir da so einfällt?
00:57:41.239	SPEAKER_00	Wir haben dann ein Thema auf Hausversammlungen war immer Kneipendienste, also Thekendienste.
00:57:49.427	SPEAKER_00	So bis nachts um eins war die Kneipe auf und dann musste noch irgendwie das Fass irgendwie, ich weiß gar nicht was, mitgemacht werden,
00:57:57.105	SPEAKER_00	die Tische mussten abgewischt werden und der Boden musste irgendwie halbwegs gewischt werden.
00:58:02.512	SPEAKER_00	Das ging dann bis nachts um halb drei und da habe ich häufig hinter gestanden.
00:58:07.253	SPEAKER_00	Ich fand das eigentlich ganz witzig, ich fand das immer ganz nett, diese Thegendienste da, weil du hast halt da ganz viele Leute gesehen und Das ist so ein Punkt,
00:58:18.732	SPEAKER_00	wo ich mich daran erinnere, was ich nie unangenehm fand, diese Thekendienste.
00:58:24.298	SPEAKER_00	Das machtest du ja auch immer mindestens zu zweit.
00:58:26.099	SPEAKER_00	Ich habe das ganz häufig mit Hubi zusammen gemacht und da hast du zwischendurch mal hier gequatscht und da gequatscht.
00:58:30.541	SPEAKER_00	Es gab die Hochdruckzeiten, wo du gar nicht zum Quatschen kamst, weil ständig irgendwie jemand da stand und fünf Sachen gleichzeitig wollte.
00:58:39.005	SPEAKER_00	Aber ich fand das nicht so unangenehm.
00:58:41.686	SPEAKER_00	Und so außerhalb vom Thekendienst, das war so ein bisschen so, es war ja wirklich mein Zuhause.
00:58:51.186	SPEAKER_00	Ich wohnte irgendwie fünf Meter weiter oben.
00:58:53.547	SPEAKER_02	Das Wohnzimmer.
00:58:54.568	SPEAKER_00	Ja, genau.
00:58:55.527	SPEAKER_00	Und das war dann auch irgendwie, wir hatten dann halt montags Sektionssitzungen bei dem Psychologen, wie alle anderen auch.
00:59:01.809	SPEAKER_00	Und dann traf man sich da und man traf irgendwie die gesamte Münsteraner linke Szene in der Frauenstraße.
00:59:07.449	SPEAKER_00	Und dann war das da und dann ging das bis ich weiß gar nicht wann und dann bin ich halt irgendwann eine Etage höher.
00:59:12.835	SPEAKER_00	Da gab es überhaupt keine Trennung mehr zwischen Kneipe einerseits und meinem Zuhause, meinem Wohnen andererseits, was dann so dieses Versumpfen enorm auch so leichter gemacht hat.
00:59:25.789	SPEAKER_02	Einige sind ja auch wirklich versumpft.
00:59:27.411	SPEAKER_00	Komplett, ja.
00:59:28.431	SPEAKER_00	Das muss man auch sagen, das war auch die andere Sache.
00:59:31.432	SPEAKER_00	Ja, wo ich so denke, das hatte dann auch wieder was einerseits mit mir zu tun oder mit jedem anderen Einzelnen.
00:59:37.655	SPEAKER_00	Es gab ja ganz viele aus der Frauenstraße, die dann sich ganz normal, ich sag mal so, solide weiterentwickelt haben.
00:59:46.661	SPEAKER_00	Letztlich ich dann auch, aber ich fand, da fehlte nicht so ganz viel, ne.
00:59:51.663	SPEAKER_00	Da war ich enorm dankbar damals für Marit, die außerhalb war und für so ein bisschen das soziale Spektrum, was ich außerhalb hatte,
01:00:00.588	SPEAKER_00	für den Freundeskreis, den wir völlig außerhalb der Frauenstraße hatten, die mich so ein bisschen geerdet haben.
01:00:09.527	SPEAKER_00	Also ich fand, Uwe ist komplett vor die Hunde gegangen, also an einen erinnere ich mich.
01:00:15.387	SPEAKER_00	Der damals in der Partei auch sehr aktiv war und im Spatakus und ständig in der Frauenstraße hing.
01:00:22.271	SPEAKER_01	Achim Riege.
01:00:22.552	SPEAKER_00	Achim Riege, genau.
01:00:25.253	SPEAKER_00	Den ich dann ein paar Jahre später auf der Straße irgendwie bettelnd habe liegen sitzen sehen.
01:00:30.637	SPEAKER_00	In Münster?
01:00:31.298	SPEAKER_00	In Münster.
01:00:35.541	SPEAKER_00	Und wo ich so denke, dieses...
01:00:43.715	SPEAKER_00	Das war sowas, dass diese Binnenhomogenität von dieser Subkultur, da guckte keiner, studierst du eigentlich noch?
01:00:56.585	SPEAKER_00	Hast du eigentlich einen Abschluss?
01:00:59.887	SPEAKER_00	Warum machst du das nicht?
01:01:00.748	SPEAKER_00	Hör mal, sieh mal zu, dass du vorankommst.
01:01:02.228	SPEAKER_00	Hör mal auf mit dem Job hier, sondern mach mal da.
01:01:04.510	SPEAKER_00	Da guckte keine Sau drauf.
01:01:06.931	SPEAKER_00	Was aber, glaube ich, was...
01:01:09.293	SPEAKER_00	Spartakus- und DKP-spezifisches war.
01:01:11.414	SPEAKER_00	So wie ich das von Marit erlebt habe, war das im SAB schon wieder ein bisschen anders.
01:01:15.775	SPEAKER_00	Die waren alle ein bisschen bodenständiger.
01:01:17.896	SPEAKER_00	Da war, glaube ich, so das politische Aktivsein war weniger so Ersatz für was anderes.
01:01:25.300	SPEAKER_00	Ich glaube, dass das so was Spezifisches damals, zumindest in der damaligen Zeit, gerade auch vom Spartakus war, dass sich ganz viele mit ganz viel Energie da reingejagt haben,
01:01:37.662	SPEAKER_00	um irgendwas zu kompensieren.
01:01:39.789	SPEAKER_00	Nämlich, dass sie für sich irgendwie entweder instabil waren oder gerade mit dem Studium nicht so ganz gut klarkamen.
01:01:46.835	SPEAKER_00	Und da fand ich, da guckte keiner nach.
01:01:51.619	SPEAKER_00	Da gab es nicht so eine Atmosphäre von, man stößt sich mal an und sagt, hör mal Junge, siehst du mal zu?
01:01:56.384	SPEAKER_00	Was machst du hier eigentlich?
01:01:57.905	SPEAKER_00	Warum hockst du schon wieder hier?
01:01:59.666	SPEAKER_00	Das hat zum Beispiel mit Achim Riegel keiner gemacht.
01:02:01.909	SPEAKER_00	Andreas...
01:02:04.431	SPEAKER_00	War so ein anderer, der wohnte in der zweiten Etage, wo ich bei dem allerersten Treffen, was wir da in der Frauenstraße hatten,
01:02:13.127	SPEAKER_00	von Ernst Kassenbrock gehört habe, dass er sich irgendwann suizidiert hat.
01:02:18.304	SPEAKER_00	Da hat auch damals jeder gemerkt, dass es dem irgendwie nicht gut ging, aber ja, das war dann so.
01:02:23.367	SPEAKER_00	Man lebte so ein bisschen so nebeneinander her.
01:02:26.471	SPEAKER_00	Das verbinde ich so ein bisschen mit Frauenstraße, wobei, glaube ich, das Haus Frauenstraße, die Geschichte Frauenstraße,
01:02:33.979	SPEAKER_00	da wenig für kann.
01:02:35.197	SPEAKER_00	Auch nicht unbedingt die Leute, die da damals drin waren, sondern mehr, dass ich halt im Prinzip von dem Zeitpunkt an, wo ich da eingezogen bin,
01:02:44.202	SPEAKER_00	auch im Spartakus drin war, das für mich immer so eine Suppe war.
01:02:48.369	SPEAKER_02	Kulturveranstaltungen waren aber auch in der Frauenstraße.
01:02:51.130	SPEAKER_00	Ja, ganz viel.
01:02:51.711	SPEAKER_00	Warst du da auch involviert?
01:02:54.713	SPEAKER_02	Oder kannst du dich noch erinnern?
01:02:56.679	SPEAKER_00	Ich kann mich an einzelne... Es gab regelmäßig Kulturveranstaltungen, wo es immer auch Probleme mit den Nachbarn gab.
01:03:11.442	SPEAKER_00	An Delta Blues Band kann ich mich erinnern.
01:03:19.043	SPEAKER_00	Wo, glaube ich, immer auch so ein bisschen das Bild, was Frauenstraße nach außen abgegeben hat, immer auch schon...
01:03:26.244	SPEAKER_00	So ein bisschen mitgeprägt war von, wir machen auch Kultur.
01:03:29.684	SPEAKER_00	Wir machen nicht nur Remedemi für irgendwelche politischen Ziele oder gegen irgendwelche doofen Makler, sondern wir verstehen uns auch so als ein Haus,
01:03:38.469	SPEAKER_00	wo Kultur stattfindet.
01:03:39.847	SPEAKER_00	Und das fand auch regelmäßig statt.
01:03:42.106	SPEAKER_02	Also das, was so heute ist mit eher leiseren Sachen wie Ausstellungen, doch Ausstellungen gab es damals auch, so Bilderausstellungen,
01:03:54.393	SPEAKER_02	Kunstausstellungen, Aber so Lesungen erinnere ich mich nicht dran, aber eher so hinten im damaligen Hinterraum wirklich so entweder so lautere Sachen wie Delta, Delta Blues Band hießen die, Oder auch politische.
01:04:14.436	SPEAKER_02	Zupfgeigenhansel.
01:04:15.557	SPEAKER_02	Zupfgeigenhansel oder Eckes Frank.
01:04:20.342	SPEAKER_02	Also solche Leute, die auch dann da hinkamen und auch eine gewisse Botschaft mitbrachten an Solidarität für die Frauenstraße.
01:04:29.168	SPEAKER_02	Es wurde ja im Grunde auch wieder für die Frauenstraße mitgenutzt.
01:04:32.650	SPEAKER_00	Ja, klar.
01:04:33.552	SPEAKER_00	Also Zupfgeigenhansel war ja ein absolutes Highlight.
01:04:36.094	SPEAKER_00	Die war ja bundesweit eigentlich relativ...
01:04:38.335	SPEAKER_02	Gut im Saft.
01:04:45.090	SPEAKER_00	Da erinnere ich mich nicht so ganz plastisch dran.
01:04:52.014	SPEAKER_00	Ich habe daran teilgenommen, ich habe es mit sozusagen konsumiert, aber jetzt nicht unmittelbar mit vorbereitet.
01:04:58.159	SPEAKER_02	Das haben andere gemacht.
01:04:59.621	SPEAKER_02	Es gab ja unten in der Kneipe auch so ein Vorbereitungsteam.
01:05:04.885	SPEAKER_02	Ulla Müller gehörte, glaube ich, dazu.
01:05:06.646	SPEAKER_02	Ja, genau.
01:05:07.206	SPEAKER_02	Also auch Magda Mikler.
01:05:09.869	SPEAKER_03	Ja, genau.
01:05:14.369	SPEAKER_02	Gab es damals zu deiner Zeit auch schon Auseinandersetzungen zu der Geschlechterfrage?
01:05:25.036	SPEAKER_02	Zwischen den Frauen und den Männern?
01:05:26.818	SPEAKER_02	In der Frauenstraße?
01:05:30.360	SPEAKER_00	Nee, erinnere ich mich nicht dran.
01:05:32.682	SPEAKER_00	Nee.
01:05:40.028	SPEAKER_00	Also wir hatten immer...
01:05:45.032	SPEAKER_00	Erst Ilo, später Caro Sponheuer.
01:05:48.693	SPEAKER_00	Wir hatten immer Asta-Frauenreferentin auf der Station, auf der Etage wohnen.
01:05:53.594	SPEAKER_00	Aber...
01:06:04.338	SPEAKER_00	Nee, dass das jetzt irgendwie so ein Thema in der WG war, wie geht ihr Männer eigentlich mit uns Frauen um oder wie gehen wir Männer eigentlich mit den Frauen um und wie ist da...
01:06:20.318	SPEAKER_00	Welche Regeln, welche Nichtregeln haben wir da und wo sind da irgendwie versteckte Botschaften?
01:06:28.106	SPEAKER_00	Da kann ich mich irgendwie nicht dran erinnern.
01:06:29.608	SPEAKER_02	Ich glaube, das sind auch Themen, die erst später kamen.
01:06:32.530	SPEAKER_02	Am Anfang ging es ja eher darum, ist das jetzt...
01:06:34.932	SPEAKER_02	Die Frauen fragen Haupt- oder Nebenwiderspruch.
01:06:38.054	SPEAKER_02	Das war ja die Auseinandersetzung, die da geführt wurde.
01:06:43.416	SPEAKER_02	Aber das war dann mehr in den politischen Zirkeln und nicht in der WG.
01:06:51.577	SPEAKER_00	Ich glaube, zumindest in meiner Erinnerung, haben wir überhaupt wenig explizit politisch diskutiert.
01:07:01.242	SPEAKER_00	Kontrovers.
01:07:02.722	SPEAKER_00	Weil es war ja immer alles klar, was wir meinten.
01:07:05.744	SPEAKER_00	Das war so mit so ein bisschen diese Binnenhomogenität.
01:07:09.467	SPEAKER_00	Es war ja klar, welche Position wir vertraten.
01:07:13.088	SPEAKER_00	Weil wir waren ja schließlich da und da.
01:07:15.851	SPEAKER_00	Und es gab so, also in meiner Erinnerung, so wenig kontroverse, so eine Diskussionskultur über kontroverse Themen.
01:07:29.539	SPEAKER_00	Gab es irgendwie nicht.
01:07:32.565	SPEAKER_00	Nicht, dass ich mich erinnere.
01:07:34.367	SPEAKER_02	Nee, wir sind bestimmten Themen, ist man ja auch aus dem Weg gegangen.
01:07:38.989	SPEAKER_02	Ich sag mal jetzt Atomkraft, Biermann, was zu der Zeit durchaus eigentlich Themen waren, die hat man so ein bisschen an die Seite gepackt.
01:07:50.454	SPEAKER_00	Ja, wir hatten irgendwann, Adrian Geiges zog irgendwann ein, Das war jemand, der dazu geführt hat, dass »Wie spülen wir Teller?« plötzlich zum Diskussionsthema wurde.
01:08:05.668	SPEAKER_00	Das war zum Teil völlig skurril.
01:08:08.311	SPEAKER_00	Als wir uns da mal wieder getroffen haben, habe ich ihm auch noch mal erzählt.
01:08:10.773	SPEAKER_00	Er hat sich da auch schimmerlich drüber gelacht.
01:08:13.135	SPEAKER_00	Dass man Teller, wenn man sie gespült hat, nicht übereinander stellt, sondern dass man die bitte so senkrecht hinstellt.
01:08:20.518	SPEAKER_00	Und da war mal ziemlich heiß, der war ja in der SDRJ ziemlich relativ früh, also in Münster ziemlich führend, war auch dann irgendwann,
01:08:35.483	SPEAKER_00	glaube ich, auch Vorsitzender, ist er jetzt Vorsitzender, und beim, wann war das, 81, Afghanistan, Einmarsch der Sowjetunion, und was er, nee, Polen, Solidarnosc in Polen und der Ausnahmezustand und Militärdingens in Polen, was, glaube ich, alle damals, also selbst so in unseren Kreisen, ziemlich mulmig hinterlassen.
01:09:10.865	SPEAKER_00	Das kann irgendwie nicht sein.
01:09:12.266	SPEAKER_00	Also man kann nicht irgendwie, wo sind wir eigentlich gelandet, wenn ein sozialistisches Land da...
01:09:19.652	SPEAKER_00	Das Kriegsrecht ausrufen muss, um die eigene Bevölkerung in Schach zu halten.
01:09:23.935	SPEAKER_00	Und ich glaube, viele waren so, ja, die werden sich schon was dabei gedacht haben, aber ist ja irgendwie auch ein komisches Zeichen,
01:09:35.604	SPEAKER_00	dass so etwas notwendig ist.
01:09:38.188	SPEAKER_00	Das war so das Wenigste, was man so hatte.
01:09:41.350	SPEAKER_00	Und Adrian war einer, der da so mit fliegenden Fahnen, endlich ist da Ruhe und mein Gott, endlich ist das Thema zu Ende.
01:09:49.613	SPEAKER_00	Wo alle dachten, Junge, das kann doch jetzt nicht wahr sein.
01:09:52.234	SPEAKER_00	So kann man doch da nicht drüber diskutieren.
01:09:53.994	SPEAKER_00	Das kann doch nicht die Position sein, die wir dazu haben.
01:09:56.735	SPEAKER_00	Die offiziell Spartakus und DKP auch hatten.
01:09:59.377	SPEAKER_00	Aber da waren alle irgendwie so etwas, also das war was, wo dann, glaube ich, mit Adrian wieder so ein bisschen...
01:10:05.279	SPEAKER_00	Weil der halt auch erstmal so sehr vehement so seine Inhalte reinbrachte und der dann so ein bisschen mehr für Diskussionskultur gesorgt hat und nicht nur über Diskussionen,
01:10:14.284	SPEAKER_00	wie spült man einen Teller, aber der dann wirklich so sich bei irgendeinem Essen wirklich hinsetzt und sagt, Gott sei Dank ist da endlich Kriegsrecht, dass da endlich dieser Mist vorbei ist und endlich mal wieder ein bisschen Ruhe einkehrt, wobei, hör mal, das Junge, das kann doch nicht wahr sein.
01:10:30.250	SPEAKER_00	Also das war so was, was mir jetzt so einfällt, wo wir so ein bisschen so ins Diskutieren kamen und dann mal so ein bisschen deutlicher wurde,
01:10:40.955	SPEAKER_00	so ganz einer Meinung und so ganz stromlinienförmig sind wir da alle gar nicht unbedingt.
01:10:51.029	SPEAKER_02	Was würdest du denn jetzt im Nachhinein sagen, waren die Erfolgsfaktoren, dass die Frauenstraße 24 erhalten blieb?
01:10:59.231	SPEAKER_02	Es sind ja, hast du vorhin gesagt, einige Häuser besetzt worden, die sind geräumt worden.
01:11:03.713	SPEAKER_02	Frauenstraße hat das irgendwie geschafft.
01:11:06.295	SPEAKER_02	Das ist für dich da so ein Punkt, wo du sagst, ja, das war damals genau die Strategie, die richtig war, weil die aufgegangen ist.
01:11:15.358	SPEAKER_00	Ja.
01:11:20.484	SPEAKER_00	Ich glaube, was enorm wichtig war, was ich vorhin schon mal sagte, so dieses Bestreben, in das bürgerliche Lager reinwerken zu wollen und das mit Form und Inhalten auch immer wieder zu machen,
01:11:36.711	SPEAKER_00	und zwar ziemlich deutliche, klare Positionen.
01:11:40.722	SPEAKER_00	Und wir haben ja immer ziemlich klare Forderungen gehabt, Die Forderung war ja nicht, erhalt der Frauenstraße 24 das auch,
01:11:49.921	SPEAKER_00	es ging ja schon um Rücknahme der Abrissgenehmigung oder andere Dinge.
01:11:55.314	SPEAKER_00	Ziemlich klare Forderung, wo zum Beispiel dann der Rat auch irgendwie was zu beschließen musste.
01:12:03.577	SPEAKER_00	Wir waren schon immer...
01:12:07.103	SPEAKER_00	Hart an der Grenze des Legalen, diese Teilnahme an einer Ratssitzung, wo Bernd dagegen alle Ordnungsrufe, sonst was an der Unterschriftenliste übergeben hat und wir mit 100 Leuten oben auf dem Podest da standen und saßen.
01:12:21.672	SPEAKER_00	Aber es war immer so sehr in Inhalt und Form und Art der Kommunikation sehr bemüht, so Mehrheiten zu kriegen für unsere Ziele und für die Forderungen.
01:12:36.780	SPEAKER_00	Das war glaube ich so das A und O.
01:12:39.516	SPEAKER_00	Und ein ganz wichtiger anderer Punkt war noch diese Kreativität und dieses immer wieder neue, kreative, bunte, spannende,
01:12:49.017	SPEAKER_00	ansprechende Aktionen zu haben und sich nicht nur so drauf zu verlassen, wir stellen Samstag einen Infotisch dahin und dann muss das irgendwie reichen und damit bringen wir uns ins Gespräch.
01:13:04.034	SPEAKER_00	Das wäre irgendwann völlig im Sand verlaufen, sondern immer wieder so So diese Karnevalsaktion oder diese Hausverhüllung oder Straßenfeste,
01:13:13.066	SPEAKER_00	wo hunderte von Leuten da waren und völlig gemischtes Publikum.
01:13:17.244	SPEAKER_00	Immer wieder irgendwas zu haben, wo wir uns ziemlich aktiv und mit vielen Ideen und sehr, sehr kreativ so ins Gespräch gebracht haben.
01:13:27.652	SPEAKER_00	Das war so ein zweiter Punkt.
01:13:29.453	SPEAKER_02	Ja, auch der Tag der offenen Tür, wo die Leute sich mal angucken konnten.
01:13:33.076	SPEAKER_00	Ja, stimmt.
01:13:34.296	SPEAKER_00	Den nannten wir auch mehrfach.
01:13:35.738	SPEAKER_02	Studenten wohnen.
01:13:36.639	SPEAKER_02	Ja.
01:13:37.859	SPEAKER_00	Und man dann ziemlich kräftig putzen musste vorher.
01:13:41.082	SPEAKER_00	Ja, genau.
01:13:41.922	SPEAKER_00	Also was ja auch dann so hieß, wir lassen die Leute bei uns ins Haus rein.
01:13:46.849	SPEAKER_00	Wir wollen nicht so abgeschottet sein, sondern die dürfen sich das bitte auch angucken.
01:13:50.552	SPEAKER_00	Und wir sind da auch irgendwie ganz normale Leute, ganz normale Studenten, die da irgendwie ganz normal wohnen und studieren und arbeiten.
01:13:58.993	SPEAKER_00	Ja, ich glaube, diese Kombination war es sehr.
01:14:03.577	SPEAKER_00	Die uns ja auch so sehr, zum Beispiel von Marienthalstraße oder sehr Türnerstraße gab es damals auch noch ein Haus, was besetzt war,
01:14:13.898	SPEAKER_00	glaube ich auch sehr von denen unterschieden hat.
01:14:17.847	SPEAKER_02	Könntest du denn sagen, dass du aus der Zeit was mitgenommen hast für deinen weiteren Lebensweg oder?
01:14:24.631	SPEAKER_02	Etwas, wo du sagst, das war für mich auch prägend oder hat mich sehr, ja, hat mich beeinflusst, diese Erfahrung für späteres?
01:14:42.363	SPEAKER_00	Ja, da habe ich noch nie so drüber nachgedacht.
01:15:00.208	SPEAKER_00	Also ich glaube schon, diese Grundhaltung von, es macht wenig Sinn zu wissen, dass man die richtige Meinung hat, sondern man muss auch irgendwie,
01:15:11.605	SPEAKER_00	wenn man Positionen, wenn einem Positionen Inhalte wichtig sind und man möchte, dass da was mit passiert, dann auch dafür sorgen, dass man Mehrheiten dafür gewinnt, auch bei Leuten, die erstmal gar nicht dafür sind.
01:15:28.622	SPEAKER_00	Das glaube ich schon mal so als Grundhaltung, wobei ich gar nicht weiß, ob ich, ja doch.
01:15:38.212	SPEAKER_00	DKP und Spartakus war schon mehr so die Mentalität, wir braten so im eigenen Saft und wissen, dass wir die richtige Position haben.
01:15:46.716	SPEAKER_00	Das war wenig so über den eigenen Tellerrand hinaus dafür werben.
01:15:51.079	SPEAKER_00	Und das war glaube ich schon sowas, was ich so aus der Frauenstraße zu mir mitgenommen habe.
01:15:55.362	SPEAKER_00	Ich glaube auch, da war ein offeneres Klima schon.
01:16:00.604	SPEAKER_00	Auch mit ganz normalen Omis und Opis auf der Straße sich unterhalten und mal gucken, was die denn meinen.
01:16:07.247	SPEAKER_00	Und sich auch so ein bisschen darauf einlassen.
01:16:10.109	SPEAKER_00	Und sich so auf Gespräche mit denen einlassen und auch mal hinhören.
01:16:15.270	SPEAKER_00	Das war schon was anderes.
01:16:17.511	SPEAKER_02	Das haben wir regelmäßig trainiert.
01:16:19.212	SPEAKER_02	Kann man schon so sagen.
01:16:24.610	SPEAKER_00	Ja und es war für mich ja auch so ein bisschen so so ein Stück von Erwachsenwerden.
01:16:34.202	SPEAKER_00	Wobei ich dann im Nachhinein immer so denke, da war so das, was ich im Fachbereich gemacht habe mit Fachschaft und FBK und solcher Sachen und vor einer Vorlesung irgendwelche Sachen erzählen und mich dann da so hinstellen und mit lauter Stimme irgendwas.
01:16:49.429	SPEAKER_00	Das hatte schon auch noch so viel mit, glaube ich, so mit persönlicher Entwicklung zu tun, wo ich so denke, das war schon enorm wichtig,
01:17:00.394	SPEAKER_00	für mich, aber das überschnitt sich dann halt auch sehr mit Frauenstraße.
01:17:06.381	SPEAKER_02	Wie ging es dann weiter bei dir?
01:17:09.889	SPEAKER_00	Ich war ja ein Jahr lang, ich weiß gar nicht von wann bis wann, ein gutes Jahr lang war ich Haussprecher, als Bernd dann weg war,
01:17:18.981	SPEAKER_00	was ich für mich als nicht so eine tolle Zeit erlebte.
01:17:22.898	SPEAKER_00	Ich habe mir gedacht, ich war da fehl am Platz, ich habe mich da nicht besonders wohl gefühlt in der Rolle.
01:17:27.721	SPEAKER_00	Warum?
01:17:29.342	SPEAKER_00	Ja, ich glaube, da kamen so mehrere Sachen zusammen.
01:17:33.725	SPEAKER_00	Einmal waren die Fußstapfen, in die ich da getreten bin, enorm groß.
01:17:38.068	SPEAKER_00	Ich habe mich selber ständig mit Bernd verglichen.
01:17:41.149	SPEAKER_00	Zweitens war das für das Haus eine sehr diffuse Zeit, weil es ging jetzt nicht mehr so darum, das Haus muss erhalten bleiben,
01:17:48.725	SPEAKER_00	sondern es war im Prinzip so ein bisschen so, was sind denn bitte jetzt unsere Themen?
01:17:55.418	SPEAKER_00	Ein Thema war die Renovierung des Hauses, wo wir elendig lange dran mit mehreren Leuten zu Gange waren, wo wir dann relativ schnell in Architekten,
01:18:05.537	SPEAKER_00	in Finanzmenschen, in Juristen uns rangezogen haben, die uns da sehr unterstützt haben, dann diese Verhandlungen mit dem Land durchzukriegen, dass das Haus bitte vernünftig renoviert wird und nicht so eine Not entsteht.
01:18:21.962	SPEAKER_00	Sanierungen von 1000 DM pro Zimmer.
01:18:28.730	SPEAKER_00	Also es gab plötzlich so neue Themen.
01:18:30.972	SPEAKER_00	Das alte Thema war weg.
01:18:32.935	SPEAKER_02	Und die waren auch ein bisschen mühseliger, diese neuen Themen.
01:18:35.578	SPEAKER_00	Ja, und vor allen Dingen war nicht so ganz klar, Ja, außer Haussanierung und deren, das interessierte ja keine Sau auf der Straße mehr,
01:18:46.623	SPEAKER_00	wie diese Wohnungen und diese Zimmer und das gesamte Haus saniert wird.
01:18:52.533	SPEAKER_00	Da kriegt es niemand mehr, da kriegt es keinen politischen Druck mehr hinter.
01:18:57.618	SPEAKER_00	Wir haben da zwar noch reihenweise Flugblätter zu gemacht, nachdem die LEG da wirklich so eine Billigsanierung machen wollte,
01:19:03.969	SPEAKER_00	aber du hast recht schnell gemerkt, da ist völlig der Schwung raus, ne?
01:19:08.408	SPEAKER_00	Und als das dann auch irgendwann über die Bühne war, war dann noch mehr so, was wollen wir jetzt eigentlich als Haus?
01:19:17.014	SPEAKER_00	Ich habe mehrfach für mehrere SP-Wahlen so Wahlempfehlungen geschrieben, wo ich so dachte, ob ich das jetzt mache oder peng.
01:19:32.144	SPEAKER_00	Das Haus war so ein bisschen auf der Suche nach einer neuen Rolle.
01:19:43.393	SPEAKER_00	Das war noch gar nicht so ganz klar.
01:19:45.815	SPEAKER_00	Kulturzentrum wollen wir sein und wollen das auch ein bisschen ausbauen.
01:19:49.899	SPEAKER_00	Zumindest war mir das nicht so klar.
01:19:51.640	SPEAKER_00	Das war auch nicht so...
01:19:54.842	SPEAKER_00	Wo ich so meine Stärken gehabt hätte.
01:19:57.944	SPEAKER_00	Und so diese Übergangszeit da plötzlich für das Haus eine Rolle zu suchen und für mich als Haussprecher eine Rolle zu suchen,
01:20:04.918	SPEAKER_00	fand ich enorm schwierig.
01:20:06.408	SPEAKER_00	Parallel dazu war ich auch noch in einer ziemlich anstrengenden Phase vom Studium, wo ich dann auch so irgendwie ein paar Monate verbrauchte für mich zu sagen,
01:20:14.072	SPEAKER_00	das funktioniert so nicht.
01:20:16.354	SPEAKER_00	Und ich dann auch irgendwann gesagt habe, ich möchte gerne diesen Job wieder loswerden, weil jetzt geht langsam Diplomarbeitszeit los und das schaffe ich dann auch nicht mehr.
01:20:26.220	SPEAKER_00	Ich habe dann für diesen Haussprecherjob so ein bisschen die Diplomarbeit so ein Jahr rausgeschoben, damit sozusagen mein Studium auch ein Jahr verlängert.
01:20:39.590	SPEAKER_00	Aber irgendwann gesagt, länger als ein Jahr will ich das jetzt ordnen und parallel geht das nicht.
01:20:43.653	SPEAKER_00	Und ich habe mich da auch persönlich so ein bisschen, unwohl drin gefühlt und auch so ein bisschen hatte ich so den Eindruck,
01:20:54.231	SPEAKER_00	da was entwickeln zu müssen und das, also diese Konzeptentwicklung war nicht so mein Ding, glaube ich.
01:21:03.068	SPEAKER_00	Und habe dann aber noch eine Zeit lang Wir hatten dann 1984 das Diplom.
01:21:11.354	SPEAKER_00	Ich habe angefangen ein bisschen zu jobben und ich bin mir relativ sicher, dass ich irgendwann im Laufe des Jahres 1985 da ausgezogen bin.
01:21:19.257	SPEAKER_02	Gab es denn einen Nachfolger als Haussprecher?
01:21:21.137	SPEAKER_00	Ja, Uwe.
01:21:22.537	SPEAKER_00	Uwe Sarkowski.
01:21:23.998	SPEAKER_02	Und danach gab es da auch noch oder war Uwe dann der letzte?
01:21:28.600	SPEAKER_00	Da erinnere ich mich nicht mehr dran.
01:21:30.962	SPEAKER_00	Da bin ich dann auch irgendwann, also ich habe noch eine Zeit lang gewohnt, nachdem ich den Haussprecherjob abgegeben habe.
01:21:39.865	SPEAKER_00	Aber ich bin ausgezogen, als Uwe Sarkowski Haussprecher war.
01:21:44.127	SPEAKER_00	Und dann war ich auch so mit Arbeiten drin.
01:21:49.389	SPEAKER_00	Ich war dann noch häufiger unten in der Kneipe, aber habe dann nicht mehr so ganz viel Kontakt oben zu der Etage oder zu den anderen Aktivitäten so im Haus gehabt.
01:22:00.152	SPEAKER_00	Und bin dann auch Ende 87 aus Münster weggezogen.
01:22:05.309	SPEAKER_02	Ja, wo bist du denn hin?
01:22:07.409	SPEAKER_00	Zusammen mit deiner Frau?
01:22:08.650	SPEAKER_00	Zusammen mit Margret.
01:22:13.432	SPEAKER_00	Margret?
01:22:14.753	SPEAKER_00	Margret, ja.
01:22:17.854	SPEAKER_00	Nach Niedersachsen, Bückeburg, Stadt Hagen.
01:22:22.197	SPEAKER_00	Ich hatte irgendwann Kontakt gekriegt in Münster zu einem Psychologen, der in der Kinder- und Jugendpsychiatrie arbeitete und geistig behinderte Kinder von autistischen Kindern betreute.
01:22:33.502	SPEAKER_00	Und der Fortbildungen dazu machte und auch in Einrichtungen Fortbildungen machte.
01:22:38.143	SPEAKER_00	Und da sind wir mittlerweile in einem ziemlichen Umkreis.
01:22:40.104	SPEAKER_00	Und der hatte dann mitgekriegt, dass da in der Gegend Bückeburg statt Hagen, das ist so Weserbergland, knapp hinter Minden,
01:22:49.254	SPEAKER_00	eine Schule für geistig behinderte Psychologen suchen musste.
01:22:54.753	SPEAKER_00	Und darüber kam der dann auf mich, weil er wollte das nicht machen, der war gebürtiger Brasilianer, wollte dann mit seiner Familie nach Brasilien umziehen und sagte,
01:23:06.288	SPEAKER_00	ob ich das nicht machen wollte.
01:23:08.625	SPEAKER_00	Und dann habe ich gesagt, ja, aber erstens nicht auf so 10 Stunden pro Woche, sondern wenn bitte eine Stelle und Zweitens wäre es schön,
01:23:18.562	SPEAKER_00	wenn meine damals noch Freundin da bitte auch mitziehen könnte, die auch Psychologin war.
01:23:25.179	SPEAKER_00	Und dann hat damals ein Einrichtungsleiter da vor Ort noch ein paar andere Behinderteneinrichtungen in der Umgebung, ein Sonderkindergarten,
01:23:33.508	SPEAKER_00	eine Werkstatt für geistig Behinderte.
01:23:37.448	SPEAKER_00	Sozusagen zusammengetrommelt und die haben anderthalb Psychologenstellen aus dem Boden gestampft und dadurch sind wir dann für sieben Jahre lang in den Landkreis Schaumburg gezogen,
01:23:49.516	SPEAKER_00	haben dann da auch relativ schnell geheiratet, relativ schnell erst das erste, dann das zweite Kind gekriegt und sind dann 1995 wieder hier ins Münsterland zurückgezogen.
01:24:01.237	SPEAKER_02	Nach Dülmen.
01:24:03.938	SPEAKER_02	Dann auch da direkt hingezogen.
01:24:05.837	SPEAKER_00	Ja, wobei Dülmen sich dadurch ergab, dass ich 1994 angefangen habe.
01:24:12.899	SPEAKER_00	Du warst ja Diplompsychologe, aber du konntest nicht unbedingt, warst nicht unbedingt qualifiziert dafür, psychotherapeutisch zu arbeiten.
01:24:22.462	SPEAKER_00	Und damals gingen langsam so die Psychotherapieausbildungen los.
01:24:26.802	SPEAKER_00	Und dafür, für diese Psychotherapieausbildung, die ich ja nach 94 angefangen hatte, musstest du irgendwann auch mal in der Psychiatrie gearbeitet haben.
01:24:35.667	SPEAKER_00	Und da habe ich mich sehr viel monatelang umgeguckt, in der Hannoveraner Gegend viel, aber auch hier in der Münsteraner Gegend.
01:24:44.371	SPEAKER_00	Ich habe mich versucht, auf Stellen zu bewerben in Münsteraner Gegend, deshalb, weil Marits Familie in Kapelle wohnt oder Marit von daher kam und die auch schon gerne näher in die Nähe ihrer Familie wieder wollte.
01:25:00.478	SPEAKER_00	Und deshalb war so Kreis Coesfeld auch immer so eine Gegend, wo ich gesucht habe und dann über Zufälle und Beziehungen dann diese Stelle in Dülmen gekriegt habe und dann sind wir halt hier nach Dülmen gezogen.
01:25:16.104	SPEAKER_00	Was verbindest du denn heute mit der Frauenstraße, wenn du da hingehst oder vorbeigehst oder schon so eine Mischung aus ganz vielem.
01:25:29.045	SPEAKER_00	Also schon so sehr dieses jahrelang mich da sehr wohl gefühlt haben, jahrelang das sehr faszinierend fanden und eine sehr für mich so sehr eindrückliche Erfahrung von eigenem politisch Aktivsein.
01:25:45.717	SPEAKER_00	Also diese, gerade diese Karnevalsaktion da oder viele Besprechungen, die wir hatten.
01:25:50.680	SPEAKER_00	Es gab so eine Phase, wo wir so einen Kreis von fünf, sechs Leuten hatten, die immer so gemeinsam dann geplant haben und gemeinsam irgendwelche Sachen überlegt und organisiert und Flugblätter geschrieben haben.
01:26:02.444	SPEAKER_00	Und das war schon so eine sehr intensive Zeit, an die ich mich so sehr gerne erinnere.
01:26:07.407	SPEAKER_00	So ein bisschen kommt dieser andere Teil, den ich gerade erzählt habe, so meine persönliche Erfahrung von, ich hätte auch gut da ziemlich gut versacken können.
01:26:19.974	SPEAKER_00	Das kommt da immer noch so mit rein.
01:26:21.715	SPEAKER_00	Das winkt noch mit.
01:26:23.497	SPEAKER_00	Wo ich dann so manchmal bei manchen Treffen, die wir so hatten, gemerkt habe, ja...
01:26:32.555	SPEAKER_00	Die Atmosphäre wabert mich gerade wieder so ein bisschen an und ich muss wieder, was in dem Moment gar nicht so war, aber einfach,
01:26:41.007	SPEAKER_00	weil so Leute von damals wieder so drumherum sitzen oder so, was ich nicht so gut haben kann, ist so diese Zeit so verherrlichen, wie toll das war und das alles nur toll war.
01:26:52.444	SPEAKER_00	Es war vieles toll und schön und sehr einmalig.
01:26:56.467	SPEAKER_00	Aber auch nicht nur.
01:27:00.233	SPEAKER_00	Wenn ich den Eindruck habe, jemand hebt das in den siebten Himmel, da reagiere ich dann so ein bisschen mit inneren Grummeln da drauf.
01:27:10.207	SPEAKER_00	Den Teil gibt es dann auch noch da drin.
01:27:13.671	SPEAKER_02	Ja, ich meine, ist ja auch so.
01:27:14.791	SPEAKER_02	Wir haben ja ein Mosaikstückchen da gerettet, die Frauenstraße, aber die Wohnsituation in Münster und überall ist ja eine Katastrophe nach wie vor.
01:27:24.033	SPEAKER_00	Ist immer noch genauso geblieben.
01:27:25.134	SPEAKER_02	Es hat sich eher nochmal verschärft.
01:27:27.854	SPEAKER_02	Aber zeigst du deinen Kindern denn das Haus auch mit Stolz?
01:27:32.515	SPEAKER_02	Ja, ja.
01:27:34.155	SPEAKER_00	Und so dieses, Joscha hat ja auch in Münster studiert und Hannes hat in Münster studiert und wenn Joscha mal irgendwie, mich hat da einer angehauen,
01:27:45.873	SPEAKER_00	du bist da auf so einem Bild drauf, das fand ich schon immer, doch, das war schon so, dass ich, ähm, denen das schon noch eher so positiv und mit Stolz und dass das halt ein Teil meiner damaligen Lebensphase so war, doch, da habe ich sehr viele positive Sachen.
01:28:06.636	SPEAKER_00	Die auch erfolgreich waren.
01:28:08.837	SPEAKER_02	Ich meine, da hat ja jeder auch was zu beigetragen, der da mitgewirkt hat.
01:28:12.301	SPEAKER_00	Und Aber so geht er jetzt nicht besonders mit Hausieren, aber so Kollegen und Freunde wissen das auch alle, dass ich da diese Artikel,
01:28:22.684	SPEAKER_00	die jetzt anlässlich von 30 Jahre Erhalt der Frauenstraße dann in der WN, die habe ich auch von Kollegen zugeschickt gekriegt.
01:28:32.564	SPEAKER_00	Guck mal, da bist du drauf.
01:28:35.546	SPEAKER_00	Doch von daher hat das schon eher primär so für mich in Erinnerung noch so einen sehr, sehr positiven Glanz, finde ich.
01:28:47.195	SPEAKER_02	Gibt es noch irgendwas, was wir jetzt nicht angesprochen haben, was dir noch einfällt oder was du noch unbedingt loswerden willst zu dem Thema?
01:28:59.087	SPEAKER_00	Nö, wüsste ich jetzt aktuell nicht.
01:29:04.108	SPEAKER_00	Ich fand das so, jetzt bei diesen Treffen, die es so in der Frauenstraße gab, ich fand das sehr schön, mal wieder so viele Leute von damals wieder zu treffen,
01:29:17.398	SPEAKER_00	die ich sonst nie wieder getroffen hätte.
01:29:20.952	SPEAKER_00	Dich zum Beispiel, wobei ich dich immer, du wohntest glaube ich zu der Zeit gar nicht mehr im Haus, ne?
01:29:26.493	SPEAKER_00	Ne, ich wohnte in Senden, in der WG.
01:29:29.314	SPEAKER_00	Ja, ja.
01:29:32.806	SPEAKER_00	Oder Carla oder Ilo und Bernd und Adrian.
01:29:37.268	SPEAKER_00	Das fand ich nochmal sehr schön, die alle nochmal wiederzusehen.
01:29:46.331	SPEAKER_00	Das fand ich eher so ein ganz schönes Erlebnis.
01:29:50.918	SPEAKER_02	Ja, auch mitzukriegen, was so deren Lebensverlauf ist.
01:29:54.060	SPEAKER_02	Das merke ich jetzt auch bei den Interviews, dass es mir das Freude macht, mitzukriegen, was aus den Leuten geworden ist.
01:30:01.524	SPEAKER_02	Und ich finde, da sind ja sehr viele...
01:30:05.917	SPEAKER_02	Positive Beispiele auch, wie diese alle ihren Weg gemacht haben.
01:30:09.998	SPEAKER_00	Ja, wo sich mal eine Zeit lang so die Lebenswege so ein bisschen gekreuzt haben.
01:30:14.060	SPEAKER_00	Ja, ja.
01:30:16.202	SPEAKER_02	Ja, aber das fand ich, ich kann mich daran erinnern, dass ich damals auch mal angefangen habe, so Bernd mal zu googeln, da kriegte ich plötzlich ein Foto von seiner Verabschiedungsveranstaltung,
01:30:29.248	SPEAKER_02	da wo er irgendwie in Alterszeit angefangen hatte und Bei Ilu habe ich geguckt, bei dir habe ich auch irgendwann von deiner Verabschiedung glaube ich da gab es irgendwie einen Zeitungsartikel zu ach guck das hat Rita gemacht wusste ich auch nicht nee das fand ich war so da nochmal so ein bisschen schon auch so ein bisschen in die Erinnerungen dadurch einzutauchen aber auch so zu sehen was ist so aus den Leuten geworden und so zu merken wir kriegen wieder Kontakt zueinander und auch so einen ganz netten freundschaftlichen solidarischen Kontakt zueinander das geht ganz schnell weil man hat so viel miteinander auch gemeinsam erlebt Da hat man schnell Anknüpfungspunkte wieder.
01:31:15.154	SPEAKER_00	Ja, aber zum Beispiel Adrian habe ich irgendwie seit 28, 30 Jahren keinen persönlichen Kontakt mehr gehabt.
01:31:25.166	SPEAKER_00	Ich habe irgendwie mal mitgekriegt, dass der ein Buch über China rausgebracht hat, dass der in unterschiedlichsten Dingen so drin hing.
01:31:35.775	SPEAKER_00	Aber persönlich so irgendeine Sorte Kontakt habe ich nie wieder zu ihm gehabt.
01:31:39.559	SPEAKER_00	Und dann saßen wir da in der Frauenstraße und er erzählte so ganz lebhaft und ganz spannend und ausführlich.
01:31:46.882	SPEAKER_00	Und so der Kontakt war relativ schnell wieder da.
01:31:51.006	SPEAKER_00	Das war so ein ganz schönes Erlebnis.
01:31:53.006	SPEAKER_02	Genau.
01:31:54.148	SPEAKER_00	Was auch wieder so ein bisschen was von, irgendwie bei mir so ein bisschen was von so innerer Zeitreise hatte, wo ich dann dachte,
01:32:01.897	SPEAKER_00	sorry, jetzt musst du aber auch wieder in 2020 damals.
01:32:05.216	SPEAKER_00	Aber ich fand das so ein ganz, dass das so über diese elendig lange Zeit spanne, wo ich ja wirklich zu...
01:32:13.221	SPEAKER_00	Keinem von der Runde irgendwie noch Kontakt hatte.
01:32:16.903	SPEAKER_00	Caro halt schon, weil ich dann so persönliche andere Kontakte immer mal wieder getroffen habe.
01:32:24.725	SPEAKER_00	Aber dass das dann noch mal wieder so ging, fand ich so ganz schön, ein schönes Erlebnis.
01:32:28.926	SPEAKER_02	Ja, finde ich auch.
01:32:30.027	SPEAKER_02	Und was im Grunde genommen das Ganze ja jetzt auch bedeutet, ist ja nicht nur in der Geschichte, also das geschichtlich festzuhalten,
01:32:40.320	SPEAKER_02	das finde ich schon wichtig und den Erfolg zu feiern, sondern auch zu gucken, wie hat das funktioniert?
01:32:49.390	SPEAKER_02	Also was kann man daraus lernen?
01:32:50.649	SPEAKER_02	Das ist durchaus ein wichtiger Aspekt.
01:32:54.711	SPEAKER_02	Und da glaube ich, sind das, was du vorhin sagtest, auch diese Kreativität und die Offenheit, die waren zu der Zeit, glaube ich,
01:33:01.129	SPEAKER_02	sehr, sehr wichtig.
01:33:02.171	SPEAKER_02	Und das ist immer heute auch immer noch ein Thema.
01:33:04.932	SPEAKER_02	Glaube ich, wenn man Erfolg haben will, muss man einfach breite Bündnisse kreieren und die Leute auch anders ansprechen als nur über den Kopf.
01:33:14.654	SPEAKER_00	Ja, man muss dann auch irgendwie durch die Form, wie du das machst, halt auch gucken, dass der, also so dieses wie gewinne ich politische Mehrheiten.
01:33:27.936	SPEAKER_02	Ja gut, Volker, dann danke ich dir für das Gespräch.
01:33:30.917	SPEAKER_00	Gerne, war sehr anregend, sehr spannend.
01:33:32.837	SPEAKER_02	Dann mache ich mal.
